date,state,fips,cases,deaths,location,mmwr_week,administered,admin_per_100k,recip_administered,administered_dose1_recip,administered_dose1_pop_pct,series_complete_yes,series_complete_pop_pct,additional_doses,additional_doses_vax_pct
2020-03-01,Rhode Island,44,2,0,RI,,,,,,,,,,
2020-03-01,Washington,53,17,3,WA,,,,,,,,,,
2020-03-01,Utah,49,1,0,UT,,,,,,,,,,
2020-03-01,Wisconsin,55,1,0,WI,,,,,,,,,,
2020-03-01,Texas,48,11,0,TX,,,,,,,,,,
2020-03-01,Oregon,41,2,0,OR,,,,,,,,,,
2020-03-01,Florida,12,2,0,FL,,,,,,,,,,
2020-03-01,Nebraska,31,13,0,NE,,,,,,,,,,
2020-03-01,Massachusetts,25,1,0,MA,,,,,,,,,,
2020-03-01,Illinois,17,3,0,IL,,,,,,,,,,
2020-03-01,California,06,33,0,CA,,,,,,,,,,
2020-03-01,Arizona,04,1,0,AZ,,,,,,,,,,
2020-03-01,New York,36,1,0,NY,,,,,,,,,,
2020-03-02,New Hampshire,33,1,0,NH,,,,,,,,,,
2020-03-02,Georgia,13,2,0,GA,,,,,,,,,,
2020-03-03,North Carolina,37,1,0,NC,,,,,,,,,,
2020-03-04,New Jersey,34,1,0,NJ,,,,,,,,,,
2020-03-05,Tennessee,47,1,0,TN,,,,,,,,,,
2020-03-05,Maryland,24,3,0,MD,,,,,,,,,,
2020-03-05,Colorado,08,2,0,CO,,,,,,,,,,
2020-03-05,Nevada,32,2,0,NV,,,,,,,,,,
2020-03-06,Oklahoma,40,1,0,OK,,,,,,,,,,
2020-03-06,Pennsylvania,42,2,0,PA,,,,,,,,,,
2020-03-06,South Carolina,45,2,0,SC,,,,,,,,,,
2020-03-06,Kentucky,21,1,0,KY,,,,,,,,,,
2020-03-06,Hawaii,15,1,0,HI,,,,,,,,,,
2020-03-06,Indiana,18,1,0,IN,,,,,,,,,,
2020-03-06,Minnesota,27,1,0,MN,,,,,,,,,,
2020-03-07,Virginia,51,1,0,VA,,,,,,,,,,
2020-03-07,Vermont,50,1,0,VT,,,,,,,,,,
2020-03-07,Missouri,29,1,0,MO,,,,,,,,,,
2020-03-07,District of Columbia,11,1,0,DC,,,,,,,,,,
2020-03-07,Kansas,20,1,0,KS,,,,,,,,,,
2020-03-08,Connecticut,09,1,0,CT,,,,,,,,,,
2020-03-08,Iowa,19,3,0,IA,,,,,,,,,,
2020-03-09,Ohio,39,3,0,OH,,,,,,,,,,
2020-03-09,Louisiana,22,1,0,LA,,,,,,,,,,
2020-03-10,South Dakota,46,5,1,SD,,,,,,,,,,
2020-03-10,Michigan,26,2,0,MI,,,,,,,,,,
2020-03-11,North Dakota,38,1,0,ND,,,,,,,,,,
2020-03-11,New Mexico,35,4,0,NM,,,,,,,,,,
2020-03-11,Wyoming,56,1,0,WY,,,,,,,,,,
2020-03-11,Arkansas,05,1,0,AR,,,,,,,,,,
2020-03-11,Delaware,10,1,0,DE,,,,,,,,,,
2020-03-11,Mississippi,28,1,0,MS,,,,,,,,,,
2020-03-12,Alaska,02,1,0,AK,,,,,,,,,,
2020-03-12,Maine,23,1,0,ME,,,,,,,,,,
2020-03-13,Montana,30,4,0,MT,,,,,,,,,,
2020-03-13,Alabama,01,6,0,AL,,,,,,,,,,
2020-03-13,Idaho,16,1,0,ID,,,,,,,,,,
2020-03-17,West Virginia,54,1,0,WV,,,,,,,,,,
2020-04-01,Nebraska,31,249,5,NE,,,,,,,,,,
2020-04-01,Oklahoma,40,719,30,OK,,,,,,,,,,
2020-04-01,Nevada,32,1279,32,NV,,,,,,,,,,
2020-04-01,New Hampshire,33,415,4,NH,,,,,,,,,,
2020-04-01,New Jersey,34,22255,355,NJ,,,,,,,,,,
2020-04-01,New Mexico,35,363,6,NM,,,,,,,,,,
2020-04-01,New York,36,84364,2415,NY,,,,,,,,,,
2020-04-01,North Carolina,37,1591,11,NC,,,,,,,,,,
2020-04-01,North Dakota,38,147,3,ND,,,,,,,,,,
2020-04-01,Ohio,39,2548,65,OH,,,,,,,,,,
2020-04-01,Oregon,41,737,19,OR,,,,,,,,,,
2020-04-01,Texas,48,4402,65,TX,,,,,,,,,,
2020-04-01,Rhode Island,44,566,10,RI,,,,,,,,,,
2020-04-01,South Carolina,45,1293,26,SC,,,,,,,,,,
2020-04-01,South Dakota,46,129,1,SD,,,,,,,,,,
2020-04-01,Tennessee,47,2689,23,TN,,,,,,,,,,
2020-04-01,Utah,49,1012,7,UT,,,,,,,,,,
2020-04-01,Vermont,50,321,16,VT,,,,,,,,,,
2020-04-01,Virginia,51,1511,18,VA,,,,,,,,,,
2020-04-01,Washington,53,5589,250,WA,,,,,,,,,,
2020-04-01,West Virginia,54,191,2,WV,,,,,,,,,,
2020-04-01,Wisconsin,55,1552,33,WI,,,,,,,,,,
2020-04-01,Montana,30,219,5,MT,,,,,,,,,,
2020-04-01,Pennsylvania,42,5805,78,PA,,,,,,,,,,
2020-04-01,Missouri,29,1580,21,MO,,,,,,,,,,
2020-04-01,Wyoming,56,138,0,WY,,,,,,,,,,
2020-04-01,Minnesota,27,689,17,MN,,,,,,,,,,
2020-04-01,Alabama,01,1108,28,AL,,,,,,,,,,
2020-04-01,Alaska,02,143,2,AK,,,,,,,,,,
2020-04-01,Arizona,04,1413,29,AZ,,,,,,,,,,
2020-04-01,Arkansas,05,624,10,AR,,,,,,,,,,
2020-04-01,California,06,9857,212,CA,,,,,,,,,,
2020-04-01,Colorado,08,3346,80,CO,,,,,,,,,,
2020-04-01,Connecticut,09,3557,85,CT,,,,,,,,,,
2020-04-01,Delaware,10,368,11,DE,,,,,,,,,,
2020-04-01,District of Columbia,11,586,11,DC,,,,,,,,,,
2020-04-01,Florida,12,7769,100,FL,,,,,,,,,,
2020-04-01,Georgia,13,4747,154,GA,,,,,,,,,,
2020-04-01,Mississippi,28,1073,22,MS,,,,,,,,,,
2020-04-01,Idaho,16,669,9,ID,,,,,,,,,,
2020-04-01,Illinois,17,6978,146,IL,,,,,,,,,,
2020-04-01,Indiana,18,2578,80,IN,,,,,,,,,,
2020-04-01,Iowa,19,549,9,IA,,,,,,,,,,
2020-04-01,Kansas,20,489,11,KS,,,,,,,,,,
2020-04-01,Kentucky,21,674,20,KY,,,,,,,,,,
2020-04-01,Louisiana,22,6424,275,LA,,,,,,,,,,
2020-04-01,Maine,23,344,7,ME,,,,,,,,,,
2020-04-01,Maryland,24,1985,33,MD,,,,,,,,,,
2020-04-01,Massachusetts,25,7738,122,MA,,,,,,,,,,
2020-04-01,Michigan,26,9292,336,MI,,,,,,,,,,
2020-04-01,Hawaii,15,258,1,HI,,,,,,,,,,
2020-05-01,Nevada,32,5249,254,NV,,,,,,,,,,
2020-05-01,Oregon,41,2579,104,OR,,,,,,,,,,
2020-05-01,New Hampshire,33,2310,81,NH,,,,,,,,,,
2020-05-01,New Jersey,34,121190,7538,NJ,,,,,,,,,,
2020-05-01,New Mexico,35,3513,131,NM,,,,,,,,,,
2020-05-01,New York,36,313575,23841,NY,,,,,,,,,,
2020-05-01,North Carolina,37,10922,405,NC,,,,,,,,,,
2020-05-01,North Dakota,38,1107,23,ND,,,,,,,,,,
2020-05-01,Ohio,39,18743,1002,OH,,,,,,,,,,
2020-05-01,Oklahoma,40,3748,230,OK,,,,,,,,,,
2020-05-01,Pennsylvania,42,49764,2671,PA,,,,,,,,,,
2020-05-01,Utah,49,4829,46,UT,,,,,,,,,,
2020-05-01,South Carolina,45,6258,256,SC,,,,,,,,,,
2020-05-01,South Dakota,46,2525,21,SD,,,,,,,,,,
2020-05-01,Tennessee,47,11781,205,TN,,,,,,,,,,
2020-05-01,Texas,48,30342,853,TX,,,,,,,,,,
2020-05-01,Vermont,50,879,49,VT,,,,,,,,,,
2020-05-01,Virginia,51,16901,581,VA,,,,,,,,,,
2020-05-01,Washington,53,15134,829,WA,,,,,,,,,,
2020-05-01,West Virginia,54,1152,47,WV,,,,,,,,,,
2020-05-01,Wisconsin,55,7439,327,WI,,,,,,,,,,
2020-05-01,Wyoming,56,566,7,WY,,,,,,,,,,
2020-05-01,Nebraska,31,4838,72,NE,,,,,,,,,,
2020-05-01,Rhode Island,44,8962,279,RI,,,,,,,,,,
2020-05-01,Montana,30,452,16,MT,,,,,,,,,,
2020-05-01,Colorado,08,15661,818,CO,,,,,,,,,,
2020-05-01,Mississippi,28,7212,281,MS,,,,,,,,,,
2020-05-01,Alaska,02,362,7,AK,,,,,,,,,,
2020-05-01,Arizona,04,7962,330,AZ,,,,,,,,,,
2020-05-01,Arkansas,05,3310,64,AR,,,,,,,,,,
2020-05-01,California,06,52318,2147,CA,,,,,,,,,,
2020-05-01,Connecticut,09,28764,2339,CT,,,,,,,,,,
2020-05-01,Delaware,10,4918,159,DE,,,,,,,,,,
2020-05-01,District of Columbia,11,4658,231,DC,,,,,,,,,,
2020-05-01,Florida,12,34720,1313,FL,,,,,,,,,,
2020-05-01,Georgia,13,26436,1153,GA,,,,,,,,,,
2020-05-01,Hawaii,15,610,16,HI,,,,,,,,,,
2020-05-01,Idaho,16,2035,63,ID,,,,,,,,,,
2020-05-01,Alabama,01,7294,289,AL,,,,,,,,,,
2020-05-01,Indiana,18,18941,1175,IN,,,,,,,,,,
2020-05-01,Illinois,17,56055,2464,IL,,,,,,,,,,
2020-05-01,Minnesota,27,5730,371,MN,,,,,,,,,,
2020-05-01,Michigan,26,42348,3866,MI,,,,,,,,,,
2020-05-01,Massachusetts,25,64311,3716,MA,,,,,,,,,,
2020-05-01,Maryland,24,23566,1192,MD,,,,,,,,,,
2020-05-01,Missouri,29,7840,355,MO,,,,,,,,,,
2020-05-01,Maine,23,1123,55,ME,,,,,,,,,,
2020-05-01,Louisiana,22,28754,1970,LA,,,,,,,,,,
2020-05-01,Kentucky,21,4879,248,KY,,,,,,,,,,
2020-05-01,Kansas,20,4510,136,KS,,,,,,,,,,
2020-05-01,Iowa,19,7883,170,IA,,,,,,,,,,
2020-06-01,Nebraska,31,14345,183,NE,,,,,,,,,,
2020-06-01,Oklahoma,40,6573,334,OK,,,,,,,,,,
2020-06-01,Nevada,32,8701,420,NV,,,,,,,,,,
2020-06-01,New Hampshire,33,4685,245,NH,,,,,,,,,,
2020-06-01,New Jersey,34,160918,11721,NJ,,,,,,,,,,
2020-06-01,New Mexico,35,7800,362,NM,,,,,,,,,,
2020-06-01,New York,36,376520,29766,NY,,,,,,,,,,
2020-06-01,North Carolina,37,29368,923,NC,,,,,,,,,,
2020-06-01,North Dakota,38,2628,64,ND,,,,,,,,,,
2020-06-01,Ohio,39,35984,2206,OH,,,,,,,,,,
2020-06-01,Oregon,41,4303,154,OR,,,,,,,,,,
2020-06-01,Texas,48,66081,1695,TX,,,,,,,,,,
2020-06-01,Rhode Island,44,14991,720,RI,,,,,,,,,,
2020-06-01,South Carolina,45,12148,500,SC,,,,,,,,,,
2020-06-01,South Dakota,46,5034,62,SD,,,,,,,,,,
2020-06-01,Tennessee,47,23242,361,TN,,,,,,,,,,
2020-06-01,Utah,49,10026,113,UT,,,,,,,,,,
2020-06-01,Vermont,50,983,55,VT,,,,,,,,,,
2020-06-01,Virginia,51,45398,1392,VA,,,,,,,,,,
2020-06-01,Washington,53,23272,1133,WA,,,,,,,,,,
2020-06-01,West Virginia,54,2028,76,WV,,,,,,,,,,
2020-06-01,Wisconsin,55,18825,597,WI,,,,,,,,,,
2020-06-01,Montana,30,519,17,MT,,,,,,,,,,
2020-06-01,Pennsylvania,42,76734,5574,PA,,,,,,,,,,
2020-06-01,Wyoming,56,910,17,WY,,,,,,,,,,
2020-06-01,Missouri,29,13523,786,MO,,,,,,,,,,
2020-06-01,Minnesota,27,25218,1060,MN,,,,,,,,,,
2020-06-01,Alabama,01,18534,646,AL,,,,,,,,,,
2020-06-01,Alaska,02,476,8,AK,,,,,,,,,,
2020-06-01,Arizona,04,20123,918,AZ,,,,,,,,,,
2020-06-01,Arkansas,05,7443,133,AR,,,,,,,,,,
2020-06-01,California,06,115643,4287,CA,,,,,,,,,,
2020-06-01,Colorado,08,26563,1458,CO,,,,,,,,,,
2020-06-01,Connecticut,09,42740,3964,CT,,,,,,,,,,
2020-06-01,Delaware,10,9605,368,DE,,,,,,,,,,
2020-06-01,District of Columbia,11,8857,468,DC,,,,,,,,,,
2020-06-01,Florida,12,56822,2459,FL,,,,,,,,,,
2020-06-01,Georgia,13,45757,2057,GA,,,,,,,,,,
2020-06-01,Mississippi,28,15752,739,MS,,,,,,,,,,
2020-06-01,Idaho,16,2908,83,ID,,,,,,,,,,
2020-06-01,Illinois,17,121666,5458,IL,,,,,,,,,,
2020-06-01,Indiana,18,35684,2142,IN,,,,,,,,,,
2020-06-01,Iowa,19,19789,558,IA,,,,,,,,,,
2020-06-01,Kansas,20,10103,217,KS,,,,,,,,,,
2020-06-01,Kentucky,21,10150,445,KY,,,,,,,,,,
2020-06-01,Louisiana,22,40452,2801,LA,,,,,,,,,,
2020-06-01,Maine,23,2349,89,ME,,,,,,,,,,
2020-06-01,Maryland,24,54035,2552,MD,,,,,,,,,,
2020-06-01,Massachusetts,25,100805,7035,MA,,,,,,,,,,
2020-06-01,Michigan,26,58435,5525,MI,,,,,,,,,,
2020-06-01,Hawaii,15,642,17,HI,,,,,,,,,,
2020-07-01,Ohio,39,52865,2876,OH,,,,,,,,,,
2020-07-01,North Dakota,38,3624,89,ND,,,,,,,,,,
2020-07-01,North Carolina,37,66815,1389,NC,,,,,,,,,,
2020-07-01,New York,36,398770,31791,NY,,,,,,,,,,
2020-07-01,Nebraska,31,19325,282,NE,,,,,,,,,,
2020-07-01,New Jersey,34,173782,15078,NJ,,,,,,,,,,
2020-07-01,New Hampshire,33,5802,373,NH,,,,,,,,,,
2020-07-01,Nevada,32,19151,512,NV,,,,,,,,,,
2020-07-01,Oklahoma,40,14112,389,OK,,,,,,,,,,
2020-07-01,New Mexico,35,12276,500,NM,,,,,,,,,,
2020-07-01,Oregon,41,9019,211,OR,,,,,,,,,,
2020-07-01,Texas,48,174826,2518,TX,,,,,,,,,,
2020-07-01,Rhode Island,44,16853,956,RI,,,,,,,,,,
2020-07-01,South Carolina,45,37919,766,SC,,,,,,,,,,
2020-07-01,South Dakota,46,6826,93,SD,,,,,,,,,,
2020-07-01,Tennessee,47,44360,602,TN,,,,,,,,,,
2020-07-01,Utah,49,22864,173,UT,,,,,,,,,,
2020-07-01,Vermont,50,1210,56,VT,,,,,,,,,,
2020-07-01,Virginia,51,63203,1786,VA,,,,,,,,,,
2020-07-01,Washington,53,35258,1340,WA,,,,,,,,,,
2020-07-01,West Virginia,54,2979,93,WV,,,,,,,,,,
2020-07-01,Wisconsin,55,32307,794,WI,,,,,,,,,,
2020-07-01,Montana,30,1016,22,MT,,,,,,,,,,
2020-07-01,Pennsylvania,42,91864,6704,PA,,,,,,,,,,
2020-07-01,Missouri,29,22595,1049,MO,,,,,,,,,,
2020-07-01,Wyoming,56,1514,20,WY,,,,,,,,,,
2020-07-01,Minnesota,27,36753,1482,MN,,,,,,,,,,
2020-07-01,Alabama,01,38962,972,AL,,,,,,,,,,
2020-07-01,Alaska,02,1174,12,AK,,,,,,,,,,
2020-07-01,Arizona,04,84152,1726,AZ,,,,,,,,,,
2020-07-01,Arkansas,05,21197,277,AR,,,,,,,,,,
2020-07-01,California,06,239764,6168,CA,,,,,,,,,,
2020-07-01,Colorado,08,33012,1697,CO,,,,,,,,,,
2020-07-01,Connecticut,09,46572,4324,CT,,,,,,,,,,
2020-07-01,Delaware,10,11510,509,DE,,,,,,,,,,
2020-07-01,District of Columbia,11,10365,553,DC,,,,,,,,,,
2020-07-01,Florida,12,158989,3549,FL,,,,,,,,,,
2020-07-01,Georgia,13,79589,2779,GA,,,,,,,,,,
2020-07-01,Mississippi,28,27900,1082,MS,,,,,,,,,,
2020-07-01,Idaho,16,6379,92,ID,,,,,,,,,,
2020-07-01,Illinois,17,145541,7160,IL,,,,,,,,,,
2020-07-01,Indiana,18,47116,2650,IN,,,,,,,,,,
2020-07-01,Iowa,19,29618,717,IA,,,,,,,,,,
2020-07-01,Kansas,20,15142,280,KS,,,,,,,,,,
2020-07-01,Kentucky,21,16114,597,KY,,,,,,,,,,
2020-07-01,Louisiana,22,60286,3238,LA,,,,,,,,,,
2020-07-01,Maine,23,3294,105,ME,,,,,,,,,,
2020-07-01,Maryland,24,68502,3205,MD,,,,,,,,,,
2020-07-01,Massachusetts,25,109143,8081,MA,,,,,,,,,,
2020-07-01,Michigan,26,71279,6202,MI,,,,,,,,,,
2020-07-01,Hawaii,15,909,18,HI,,,,,,,,,,
2020-08-01,Ohio,39,92087,3515,OH,,,,,,,,,,
2020-08-01,North Dakota,38,6606,107,ND,,,,,,,,,,
2020-08-01,North Carolina,37,124015,1989,NC,,,,,,,,,,
2020-08-01,New York,36,420477,32390,NY,,,,,,,,,,
2020-08-01,Nebraska,31,26391,338,NE,,,,,,,,,,
2020-08-01,New Jersey,34,183904,15830,NJ,,,,,,,,,,
2020-08-01,New Hampshire,33,6613,416,NH,,,,,,,,,,
2020-08-01,Nevada,32,49207,832,NV,,,,,,,,,,
2020-08-01,Oklahoma,40,37706,549,OK,,,,,,,,,,
2020-08-01,New Mexico,35,20796,651,NM,,,,,,,,,,
2020-08-01,Oregon,41,18817,329,OR,,,,,,,,,,
2020-08-01,Texas,48,448224,7477,TX,,,,,,,,,,
2020-08-01,Rhode Island,44,19022,1007,RI,,,,,,,,,,
2020-08-01,South Carolina,45,90599,1751,SC,,,,,,,,,,
2020-08-01,South Dakota,46,8867,134,SD,,,,,,,,,,
2020-08-01,Tennessee,47,105455,1056,TN,,,,,,,,,,
2020-08-01,Utah,49,40754,312,UT,,,,,,,,,,
2020-08-01,Vermont,50,1421,57,VT,,,,,,,,,,
2020-08-01,Virginia,51,90801,2215,VA,,,,,,,,,,
2020-08-01,Washington,53,59648,1675,WA,,,,,,,,,,
2020-08-01,West Virginia,54,6735,116,WV,,,,,,,,,,
2020-08-01,Wisconsin,55,58064,955,WI,,,,,,,,,,
2020-08-01,Montana,30,4081,61,MT,,,,,,,,,,
2020-08-01,Pennsylvania,42,117468,7270,PA,,,,,,,,,,
2020-08-01,Missouri,29,52012,1311,MO,,,,,,,,,,
2020-08-01,Wyoming,56,2769,26,WY,,,,,,,,,,
2020-08-01,Minnesota,27,55228,1646,MN,,,,,,,,,,
2020-08-01,Alabama,01,89349,1603,AL,,,,,,,,,,
2020-08-01,Alaska,02,3825,22,AK,,,,,,,,,,
2020-08-01,Arizona,04,177019,3753,AZ,,,,,,,,,,
2020-08-01,Arkansas,05,43173,458,AR,,,,,,,,,,
2020-08-01,California,06,509507,9365,CA,,,,,,,,,,
2020-08-01,Colorado,08,47357,1846,CO,,,,,,,,,,
2020-08-01,Connecticut,09,49810,4432,CT,,,,,,,,,,
2020-08-01,Delaware,10,14877,585,DE,,,,,,,,,,
2020-08-01,District of Columbia,11,12205,585,DC,,,,,,,,,,
2020-08-01,Florida,12,480020,7021,FL,,,,,,,,,,
2020-08-01,Georgia,13,174834,3744,GA,,,,,,,,,,
2020-08-01,Mississippi,28,59881,1693,MS,,,,,,,,,,
2020-08-01,Idaho,16,21231,197,ID,,,,,,,,,,
2020-08-01,Illinois,17,182232,7707,IL,,,,,,,,,,
2020-08-01,Indiana,18,68773,2971,IN,,,,,,,,,,
2020-08-01,Iowa,19,45293,874,IA,,,,,,,,,,
2020-08-01,Kansas,20,28147,358,KS,,,,,,,,,,
2020-08-01,Kentucky,21,31612,758,KY,,,,,,,,,,
2020-08-01,Louisiana,22,116394,3949,LA,,,,,,,,,,
2020-08-01,Maine,23,3937,123,ME,,,,,,,,,,
2020-08-01,Maryland,24,89925,3506,MD,,,,,,,,,,
2020-08-01,Massachusetts,25,118040,8626,MA,,,,,,,,,,
2020-08-01,Michigan,26,91450,6460,MI,,,,,,,,,,
2020-08-01,Hawaii,15,2174,25,HI,,,,,,,,,,
2020-09-01,Oregon,41,26958,467,OR,,,,,,,,,,
2020-09-01,Nebraska,31,34574,405,NE,,,,,,,,,,
2020-09-01,Nevada,32,69708,1313,NV,,,,,,,,,,
2020-09-01,New Hampshire,33,7297,432,NH,,,,,,,,,,
2020-09-01,New Jersey,34,194070,15950,NJ,,,,,,,,,,
2020-09-01,New York,36,440237,32551,NY,,,,,,,,,,
2020-09-01,North Carolina,37,169966,2769,NC,,,,,,,,,,
2020-09-01,North Dakota,38,12004,149,ND,,,,,,,,,,
2020-09-01,Ohio,39,124610,4165,OH,,,,,,,,,,
2020-09-01,Oklahoma,40,59399,809,OK,,,,,,,,,,
2020-09-01,Pennsylvania,42,139591,7764,PA,,,,,,,,,,
2020-09-01,Utah,49,52505,410,UT,,,,,,,,,,
2020-09-01,South Carolina,45,119846,2757,SC,,,,,,,,,,
2020-09-01,South Dakota,46,13749,167,SD,,,,,,,,,,
2020-09-01,Tennessee,47,153274,1753,TN,,,,,,,,,,
2020-09-01,Texas,48,645534,13004,TX,,,,,,,,,,
2020-09-01,Montana,30,7526,105,MT,,,,,,,,,,
2020-09-01,Vermont,50,1635,58,VT,,,,,,,,,,
2020-09-01,Virginia,51,121615,2612,VA,,,,,,,,,,
2020-09-01,Washington,53,78061,2018,WA,,,,,,,,,,
2020-09-01,West Virginia,54,10507,222,WV,,,,,,,,,,
2020-09-01,Wisconsin,55,81688,1141,WI,,,,,,,,,,
2020-09-01,Wyoming,56,3866,41,WY,,,,,,,,,,
2020-09-01,Rhode Island,44,22002,1050,RI,,,,,,,,,,
2020-09-01,Missouri,29,87414,1651,MO,,,,,,,,,,
2020-09-01,New Mexico,35,25460,787,NM,,,,,,,,,,
2020-09-01,Minnesota,27,76404,1872,MN,,,,,,,,,,
2020-09-01,Mississippi,28,83584,2493,MS,,,,,,,,,,
2020-09-01,Alaska,02,6109,36,AK,,,,,,,,,,
2020-09-01,Arizona,04,202375,5048,AZ,,,,,,,,,,
2020-09-01,Arkansas,05,61497,814,AR,,,,,,,,,,
2020-09-01,California,06,716630,13149,CA,,,,,,,,,,
2020-09-01,Colorado,08,58118,1953,CO,,,,,,,,,,
2020-09-01,Connecticut,09,53006,4466,CT,,,,,,,,,,
2020-09-01,Delaware,10,17535,605,DE,,,,,,,,,,
2020-09-01,District of Columbia,11,14049,607,DC,,,,,,,,,,
2020-09-01,Florida,12,631032,11373,FL,,,,,,,,,,
2020-09-01,Georgia,13,256544,5604,GA,,,,,,,,,,
2020-09-01,Hawaii,15,8628,73,HI,,,,,,,,,,
2020-09-01,Alabama,01,127616,2200,AL,,,,,,,,,,
2020-09-01,Illinois,17,239115,8299,IL,,,,,,,,,,
2020-09-01,Idaho,16,32703,370,ID,,,,,,,,,,
2020-09-01,Massachusetts,25,128888,9064,MA,,,,,,,,,,
2020-09-01,Maryland,24,109353,3761,MD,,,,,,,,,,
2020-09-01,Maine,23,4548,132,ME,,,,,,,,,,
2020-09-01,Michigan,26,113969,6770,MI,,,,,,,,,,
2020-09-01,Kentucky,21,51762,983,KY,,,,,,,,,,
2020-09-01,Kansas,20,43491,454,KS,,,,,,,,,,
2020-09-01,Iowa,19,65846,1125,IA,,,,,,,,,,
2020-09-01,Indiana,18,96988,3312,IN,,,,,,,,,,
2020-09-01,Louisiana,22,149583,4984,LA,,,,,,,,,,
2020-10-01,Nevada,32,80507,1603,NV,,,,,,,,,,
2020-10-01,Oregon,41,33865,561,OR,,,,,,,,,,
2020-10-01,New Hampshire,33,8317,441,NH,,,,,,,,,,
2020-10-01,New Jersey,34,207676,16127,NJ,,,,,,,,,,
2020-10-01,New Mexico,35,29661,882,NM,,,,,,,,,,
2020-10-01,New York,36,464752,32768,NY,,,,,,,,,,
2020-10-01,North Carolina,37,213218,3601,NC,,,,,,,,,,
2020-10-01,North Dakota,38,22221,259,ND,,,,,,,,,,
2020-10-01,Ohio,39,155314,4817,OH,,,,,,,,,,
2020-10-01,Oklahoma,40,88369,1035,OK,,,,,,,,,,
2020-10-01,Pennsylvania,42,165078,8234,PA,,,,,,,,,,
2020-10-01,Utah,49,74099,460,UT,,,,,,,,,,
2020-10-01,South Carolina,45,148323,3400,SC,,,,,,,,,,
2020-10-01,South Dakota,46,23136,236,SD,,,,,,,,,,
2020-10-01,Tennessee,47,194601,2473,TN,,,,,,,,,,
2020-10-01,Texas,48,788066,16220,TX,,,,,,,,,,
2020-10-01,Vermont,50,1755,58,VT,,,,,,,,,,
2020-10-01,Virginia,51,148721,3228,VA,,,,,,,,,,
2020-10-01,Washington,53,92166,2227,WA,,,,,,,,,,
2020-10-01,West Virginia,54,16024,354,WV,,,,,,,,,,
2020-10-01,Wisconsin,55,132176,1358,WI,,,,,,,,,,
2020-10-01,Wyoming,56,6083,53,WY,,,,,,,,,,
2020-10-01,Nebraska,31,46185,497,NE,,,,,,,,,,
2020-10-01,Rhode Island,44,24914,1117,RI,,,,,,,,,,
2020-10-01,Montana,30,13626,181,MT,,,,,,,,,,
2020-10-01,Connecticut,09,57742,4511,CT,,,,,,,,,,
2020-10-01,Mississippi,28,98886,2979,MS,,,,,,,,,,
2020-10-01,Missouri,29,131778,2184,MO,,,,,,,,,,
2020-10-01,Alaska,02,8838,53,AK,,,,,,,,,,
2020-10-01,Arizona,04,219214,5674,AZ,,,,,,,,,,
2020-10-01,Arkansas,05,84821,1384,AR,,,,,,,,,,
2020-10-01,California,06,824307,15989,CA,,,,,,,,,,
2020-10-01,Colorado,08,71723,2064,CO,,,,,,,,,,
2020-10-01,Delaware,10,20787,636,DE,,,,,,,,,,
2020-10-01,District of Columbia,11,15358,628,DC,,,,,,,,,,
2020-10-01,Florida,12,709136,14443,FL,,,,,,,,,,
2020-10-01,Georgia,13,303010,6903,GA,,,,,,,,,,
2020-10-01,Hawaii,15,12660,138,HI,,,,,,,,,,
2020-10-01,Alabama,01,155744,2548,AL,,,,,,,,,,
2020-10-01,Illinois,17,299111,8956,IL,,,,,,,,,,
2020-10-01,Idaho,16,42915,473,ID,,,,,,,,,,
2020-10-01,Michigan,26,139064,7103,MI,,,,,,,,,,
2020-10-01,Massachusetts,25,132870,9480,MA,,,,,,,,,,
2020-10-01,Maryland,24,125997,3949,MD,,,,,,,,,,
2020-10-01,Maine,23,5431,142,ME,,,,,,,,,,
2020-10-01,Minnesota,27,100253,2102,MN,,,,,,,,,,
2020-10-01,Kentucky,21,73619,1225,KY,,,,,,,,,,
2020-10-01,Kansas,20,61103,678,KS,,,,,,,,,,
2020-10-01,Iowa,19,90483,1366,IA,,,,,,,,,,
2020-10-01,Indiana,18,123459,3645,IN,,,,,,,,,,
2020-10-01,Louisiana,22,168009,5519,LA,,,,,,,,,,
2020-11-01,Oklahoma,40,124111,1345,OK,,,,,,,,,,
2020-11-01,Ohio,39,219000,5303,OH,,,,,,,,,,
2020-11-01,North Dakota,38,45048,536,ND,,,,,,,,,,
2020-11-01,North Carolina,37,276706,4405,NC,,,,,,,,,,
2020-11-01,Nevada,32,101594,1783,NV,,,,,,,,,,
2020-11-01,New Mexico,35,47232,1026,NM,,,,,,,,,,
2020-11-01,New Jersey,34,241422,16354,NJ,,,,,,,,,,
2020-11-01,New Hampshire,33,11214,483,NH,,,,,,,,,,
2020-11-01,Oregon,41,45419,691,OR,,,,,,,,,,
2020-11-01,New York,36,514482,33174,NY,,,,,,,,,,
2020-11-01,Pennsylvania,42,214500,8888,PA,,,,,,,,,,
2020-11-01,Utah,49,116510,614,UT,,,,,,,,,,
2020-11-01,South Carolina,45,178023,3936,SC,,,,,,,,,,
2020-11-01,South Dakota,46,47324,437,SD,,,,,,,,,,
2020-11-01,Tennessee,47,257658,3322,TN,,,,,,,,,,
2020-11-01,Texas,48,957789,18582,TX,,,,,,,,,,
2020-11-01,Vermont,50,2196,58,VT,,,,,,,,,,
2020-11-01,Virginia,51,182392,3655,VA,,,,,,,,,,
2020-11-01,Washington,53,113109,2468,WA,,,,,,,,,,
2020-11-01,West Virginia,54,24883,457,WV,,,,,,,,,,
2020-11-01,Wisconsin,55,241423,2110,WI,,,,,,,,,,
2020-11-01,Wyoming,56,13723,87,WY,,,,,,,,,,
2020-11-01,Nebraska,31,71666,661,NE,,,,,,,,,,
2020-11-01,Rhode Island,44,32874,1201,RI,,,,,,,,,,
2020-11-01,Montana,30,33495,378,MT,,,,,,,,,,
2020-11-01,Missouri,29,192141,3091,MO,,,,,,,,,,
2020-11-01,Mississippi,28,120500,3348,MS,,,,,,,,,,
2020-11-01,Alaska,02,16597,78,AK,,,,,,,,,,
2020-11-01,Arizona,04,247484,5981,AZ,,,,,,,,,,
2020-11-01,Arkansas,05,113057,1958,AR,,,,,,,,,,
2020-11-01,California,06,938897,17671,CA,,,,,,,,,,
2020-11-01,Colorado,08,110640,2312,CO,,,,,,,,,,
2020-11-01,Connecticut,09,71207,4616,CT,,,,,,,,,,
2020-11-01,Delaware,10,25126,710,DE,,,,,,,,,,
2020-11-01,District of Columbia,11,17369,646,DC,,,,,,,,,,
2020-11-01,Florida,12,807404,16788,FL,,,,,,,,,,
2020-11-01,Georgia,13,373700,7792,GA,,,,,,,,,,
2020-11-01,Hawaii,15,15287,218,HI,,,,,,,,,,
2020-11-01,Alabama,01,193985,2973,AL,,,,,,,,,,
2020-11-01,Illinois,17,424860,10091,IL,,,,,,,,,,
2020-11-01,Indiana,18,184589,4364,IN,,,,,,,,,,
2020-11-01,Iowa,19,131097,1733,IA,,,,,,,,,,
2020-11-01,Kansas,20,86809,1029,KS,,,,,,,,,,
2020-11-01,Kentucky,21,110600,1554,KY,,,,,,,,,,
2020-11-01,Louisiana,22,187720,5926,LA,,,,,,,,,,
2020-11-01,Maine,23,6715,147,ME,,,,,,,,,,
2020-11-01,Maryland,24,146627,4152,MD,,,,,,,,,,
2020-11-01,Massachusetts,25,159707,10013,MA,,,,,,,,,,
2020-11-01,Michigan,26,197501,7700,MI,,,,,,,,,,
2020-11-01,Minnesota,27,150726,2529,MN,,,,,,,,,,
2020-11-01,Idaho,16,65272,631,ID,,,,,,,,,,
2020-12-01,Ohio,39,430093,6548,OH,,,,,,,,,,
2020-12-01,North Dakota,38,79661,960,ND,,,,,,,,,,
2020-12-01,North Carolina,37,368615,5322,NC,,,,,,,,,,
2020-12-01,New York,36,660041,34222,NY,,,,,,,,,,
2020-12-01,Nebraska,31,130796,1092,NE,,,,,,,,,,
2020-12-01,New Jersey,34,343739,17083,NJ,,,,,,,,,,
2020-12-01,New Hampshire,33,21766,528,NH,,,,,,,,,,
2020-12-01,Nevada,32,155312,2182,NV,,,,,,,,,,
2020-12-01,Oklahoma,40,199482,1758,OK,,,,,,,,,,
2020-12-01,New Mexico,35,99419,1589,NM,,,,,,,,,,
2020-12-01,Oregon,41,76655,938,OR,,,,,,,,,,
2020-12-01,Texas,48,1275295,22204,TX,,,,,,,,,,
2020-12-01,Rhode Island,44,57906,1380,RI,,,,,,,,,,
2020-12-01,South Carolina,45,218912,4404,SC,,,,,,,,,,
2020-12-01,South Dakota,46,80912,948,SD,,,,,,,,,,
2020-12-01,Tennessee,47,371980,4584,TN,,,,,,,,,,
2020-12-01,Utah,49,198260,890,UT,,,,,,,,,,
2020-12-01,Vermont,50,4239,72,VT,,,,,,,,,,
2020-12-01,Virginia,51,240063,4093,VA,,,,,,,,,,
2020-12-01,Washington,53,174969,2927,WA,,,,,,,,,,
2020-12-01,West Virginia,54,48818,758,WV,,,,,,,,,,
2020-12-01,Wisconsin,55,416365,3628,WI,,,,,,,,,,
2020-12-01,Montana,30,63324,700,MT,,,,,,,,,,
2020-12-01,Pennsylvania,42,372688,10614,PA,,,,,,,,,,
2020-12-01,Missouri,29,317903,4130,MO,,,,,,,,,,
2020-12-01,Wyoming,56,33805,230,WY,,,,,,,,,,
2020-12-01,Minnesota,27,322371,3674,MN,,,,,,,,,,
2020-12-01,Alabama,01,252900,3638,AL,,,,,,,,,,
2020-12-01,Alaska,02,32911,116,AK,,,,,,,,,,
2020-12-01,Arizona,04,338254,6692,AZ,,,,,,,,,,
2020-12-01,Arkansas,05,159309,2512,AR,,,,,,,,,,
2020-12-01,California,06,1253905,19327,CA,,,,,,,,,,
2020-12-01,Colorado,08,238779,3136,CO,,,,,,,,,,
2020-12-01,Connecticut,09,118754,5040,CT,,,,,,,,,,
2020-12-01,Delaware,10,36343,777,DE,,,,,,,,,,
2020-12-01,District of Columbia,11,21685,685,DC,,,,,,,,,,
2020-12-01,Florida,12,1008158,18678,FL,,,,,,,,,,
2020-12-01,Georgia,13,458985,9253,GA,,,,,,,,,,
2020-12-01,Mississippi,28,154411,3836,MS,,,,,,,,,,
2020-12-01,Idaho,16,103642,966,ID,,,,,,,,,,
2020-12-01,Illinois,17,740510,13175,IL,,,,,,,,,,
2020-12-01,Indiana,18,347097,5864,IN,,,,,,,,,,
2020-12-01,Iowa,19,233062,2449,IA,,,,,,,,,,
2020-12-01,Kansas,20,160718,1560,KS,,,,,,,,,,
2020-12-01,Kentucky,21,187285,2097,KY,,,,,,,,,,
2020-12-01,Louisiana,22,237740,6455,LA,,,,,,,,,,
2020-12-01,Maine,23,11976,214,ME,,,,,,,,,,
2020-12-01,Maryland,24,201479,4673,MD,,,,,,,,,,
2020-12-01,Massachusetts,25,229205,10778,MA,,,,,,,,,,
2020-12-01,Michigan,26,394554,9758,MI,,,,,,,,,,
2020-12-01,Hawaii,15,18049,242,HI,,,,,,,,,,
2021-01-01,Oklahoma,40,290936,2489,OK,53.0,52527.0,13.27,0.0,0.0,0.0,0.0,0.0,,0.0
2021-01-01,Ohio,39,700380,8962,OH,53.0,119464.0,10.22,0.0,0.0,0.0,0.0,0.0,,0.0
2021-01-01,North Dakota,38,92777,1316,ND,53.0,19266.0,25.28,0.0,0.0,0.0,0.0,0.0,,0.0
2021-01-01,North Carolina,37,543976,6819,NC,53.0,98947.0,9.43,0.0,0.0,0.0,0.0,0.0,,0.0
2021-01-01,Nevada,32,227046,3146,NV,53.0,29394.0,9.54,0.0,0.0,0.0,0.0,0.0,,0.0
2021-01-01,New Mexico,35,144142,2504,NM,53.0,36306.0,17.31,0.0,0.0,0.0,0.0,0.0,,0.0
2021-01-01,New Jersey,34,484882,19160,NJ,53.0,92179.0,10.38,0.0,0.0,0.0,0.0,0.0,,0.0
2021-01-01,New Hampshire,33,44028,759,NH,53.0,25564.0,18.8,0.0,0.0,0.0,0.0,0.0,,0.0
2021-01-01,Oregon,41,115377,1501,OR,53.0,38703.0,9.18,0.0,0.0,0.0,0.0,0.0,,0.0
2021-01-01,New York,36,996073,37733,NY,53.0,228499.0,11.75,0.0,0.0,0.0,0.0,0.0,,0.0
2021-01-01,Pennsylvania,42,652952,16247,PA,53.0,154002.0,12.03,0.0,0.0,0.0,0.0,0.0,,0.0
2021-01-01,Utah,49,276612,1273,UT,53.0,31272.0,9.75,0.0,0.0,0.0,0.0,0.0,,0.0
2021-01-01,South Carolina,45,307507,5296,SC,53.0,51196.0,9.94,0.0,0.0,0.0,0.0,0.0,,0.0
2021-01-01,South Dakota,46,99164,1488,SD,53.0,25864.0,29.24,0.0,0.0,0.0,0.0,0.0,,0.0
2021-01-01,Tennessee,47,572579,6846,TN,53.0,112336.0,16.45,0.0,0.0,0.0,0.0,0.0,,0.0
2021-01-01,Texas,48,1778306,28434,TX,53.0,523266.0,18.05,0.0,0.0,0.0,0.0,0.0,,0.0
2021-01-01,Vermont,50,7412,136,VT,53.0,14799.0,23.72,0.0,0.0,0.0,0.0,0.0,,0.0
2021-01-01,Virginia,51,354766,5081,VA,53.0,90163.0,10.56,0.0,0.0,0.0,0.0,0.0,,0.0
2021-01-01,Washington,53,251585,3523,WA,53.0,73297.0,9.63,0.0,0.0,0.0,0.0,0.0,,0.0
2021-01-01,West Virginia,54,87820,1361,WV,53.0,53143.0,29.65,0.0,0.0,0.0,0.0,0.0,,0.0
2021-01-01,Wisconsin,55,522523,5257,WI,53.0,61656.0,10.59,0.0,0.0,0.0,0.0,0.0,,0.0
2021-01-01,Wyoming,56,44409,438,WY,53.0,6856.0,11.85,0.0,0.0,0.0,0.0,0.0,,0.0
2021-01-01,Nebraska,31,168567,1707,NE,53.0,27487.0,14.21,0.0,0.0,0.0,0.0,0.0,,0.0
2021-01-01,Rhode Island,44,87949,1777,RI,53.0,18829.0,17.77,0.0,0.0,0.0,0.0,0.0,,0.0
2021-01-01,Montana,30,81701,962,MT,53.0,20894.0,19.55,0.0,0.0,0.0,0.0,0.0,,0.0
2021-01-01,Missouri,29,421217,5906,MO,53.0,79047.0,12.88,0.0,0.0,0.0,0.0,0.0,,0.0
2021-01-01,Mississippi,28,218386,4816,MS,53.0,19670.0,6.61,0.0,0.0,0.0,0.0,0.0,,0.0
2021-01-01,Alaska,02,46740,198,AK,53.0,16504.0,22.56,0.0,0.0,0.0,0.0,0.0,,0.0
2021-01-01,Arizona,04,530267,9015,AZ,53.0,52652.0,7.23,0.0,0.0,0.0,0.0,0.0,,0.0
2021-01-01,Arkansas,05,229442,3711,AR,53.0,37537.0,12.44,0.0,0.0,0.0,0.0,0.0,,0.0
2021-01-01,California,06,2345811,26236,CA,53.0,374497.0,9.48,0.0,0.0,0.0,0.0,0.0,,0.0
2021-01-01,Colorado,08,338357,4936,CO,53.0,94751.0,16.45,0.0,0.0,0.0,0.0,0.0,,0.0
2021-01-01,Connecticut,09,185708,5995,CT,53.0,68070.0,19.09,0.0,0.0,0.0,0.0,0.0,,0.0
2021-01-01,Delaware,10,58064,930,DE,53.0,11066.0,11.36,0.0,0.0,0.0,0.0,0.0,,0.0
2021-01-01,District of Columbia,11,29252,788,DC,53.0,13167.0,18.66,0.0,0.0,0.0,0.0,0.0,,0.0
2021-01-01,Florida,12,1323307,21672,FL,53.0,237809.0,11.07,0.0,0.0,0.0,0.0,0.0,,0.0
2021-01-01,Georgia,13,654950,10610,GA,53.0,75157.0,7.08,0.0,0.0,0.0,0.0,0.0,,0.0
2021-01-01,Hawaii,15,21736,287,HI,53.0,25040.0,17.69,0.0,0.0,0.0,0.0,0.0,,0.0
2021-01-01,Alabama,01,365747,4872,AL,53.0,36188.0,7.38,0.0,0.0,0.0,0.0,0.0,,0.0
2021-01-01,Illinois,17,966287,17979,IL,53.0,164473.0,12.98,0.0,0.0,0.0,0.0,0.0,,0.0
2021-01-01,Indiana,18,520750,8371,IN,53.0,85751.0,12.74,0.0,0.0,0.0,0.0,0.0,,0.0
2021-01-01,Iowa,19,282980,3898,IA,53.0,51112.0,16.2,0.0,0.0,0.0,0.0,0.0,,0.0
2021-01-01,Kansas,20,230352,2879,KS,53.0,15779.0,5.42,0.0,0.0,0.0,0.0,0.0,,0.0
2021-01-01,Kentucky,21,269470,2956,KY,53.0,56498.0,12.65,0.0,0.0,0.0,0.0,0.0,,0.0
2021-01-01,Louisiana,22,315275,7488,LA,53.0,46687.0,10.04,0.0,0.0,0.0,0.0,0.0,,0.0
2021-01-01,Maine,23,24201,347,ME,53.0,27105.0,20.16,0.0,0.0,0.0,0.0,0.0,,0.0
2021-01-01,Maryland,24,280387,5942,MD,53.0,57628.0,9.53,0.0,0.0,0.0,0.0,0.0,,0.0
2021-01-01,Massachusetts,25,375178,12423,MA,53.0,88076.0,12.78,0.0,0.0,0.0,0.0,0.0,,0.0
2021-01-01,Michigan,26,526845,13011,MI,53.0,83548.0,8.37,0.0,0.0,0.0,0.0,0.0,,0.0
2021-01-01,Minnesota,27,415361,5382,MN,53.0,74225.0,13.16,0.0,0.0,0.0,0.0,0.0,,0.0
2021-01-01,Idaho,16,141388,1438,ID,53.0,15798.0,8.84,0.0,0.0,0.0,0.0,0.0,,0.0
2021-02-01,Ohio,39,899079,11233,OH,5.0,1004624.0,85.95,0.0,0.0,0.0,0.0,0.0,,0.0
2021-02-01,North Dakota,38,97708,1447,ND,5.0,99481.0,130.54,0.0,0.0,0.0,0.0,0.0,,0.0
2021-02-01,North Carolina,37,763358,9397,NC,5.0,975743.0,93.03,0.0,0.0,0.0,0.0,0.0,,0.0
2021-02-01,New York,36,1429096,43354,NY,5.0,1927665.0,99.09,0.0,0.0,0.0,0.0,0.0,,0.0
2021-02-01,Nebraska,31,192112,2031,NE,5.0,180917.0,93.53,0.0,0.0,0.0,0.0,0.0,,0.0
2021-02-01,New Jersey,34,700346,21513,NJ,5.0,810293.0,91.23,0.0,0.0,0.0,0.0,0.0,,0.0
2021-02-01,New Hampshire,33,66058,1059,NH,5.0,130515.0,95.99,0.0,0.0,0.0,0.0,0.0,,0.0
2021-02-01,Nevada,32,279228,4281,NV,5.0,248754.0,80.76,0.0,0.0,0.0,0.0,0.0,,0.0
2021-02-01,Oklahoma,40,390868,3564,OK,5.0,443581.0,112.1,0.0,0.0,0.0,0.0,0.0,,0.0
2021-02-01,New Mexico,35,174550,3297,NM,5.0,275224.0,131.26,0.0,0.0,0.0,0.0,0.0,,0.0
2021-02-01,Oregon,41,143373,1980,OR,5.0,423627.0,100.44,0.0,0.0,0.0,0.0,0.0,,0.0
2021-02-01,Texas,48,2412150,37405,TX,5.0,2496232.0,86.09,0.0,0.0,0.0,0.0,0.0,,0.0
2021-02-01,Rhode Island,44,115956,2173,RI,5.0,94240.0,88.96,0.0,0.0,0.0,0.0,0.0,,0.0
2021-02-01,South Carolina,45,445916,7283,SC,5.0,462751.0,89.88,0.0,0.0,0.0,0.0,0.0,,0.0
2021-02-01,South Dakota,46,108315,1778,SD,5.0,107685.0,121.72,0.0,0.0,0.0,0.0,0.0,,0.0
2021-02-01,Tennessee,47,715439,9660,TN,5.0,627911.0,91.95,0.0,0.0,0.0,0.0,0.0,,0.0
2021-02-01,Utah,49,347210,1669,UT,5.0,323030.0,100.76,0.0,0.0,0.0,0.0,0.0,,0.0
2021-02-01,Vermont,50,12083,175,VT,5.0,72428.0,116.07,0.0,0.0,0.0,0.0,0.0,,0.0
2021-02-01,Virginia,51,507640,6474,VA,5.0,870820.0,102.02,0.0,0.0,0.0,0.0,0.0,,0.0
2021-02-01,Washington,53,317703,4404,WA,5.0,720603.0,94.63,0.0,0.0,0.0,0.0,0.0,,0.0
2021-02-01,West Virginia,54,121425,2028,WV,5.0,260325.0,145.26,0.0,0.0,0.0,0.0,0.0,,0.0
2021-02-01,Wisconsin,55,592921,6439,WI,5.0,513385.0,88.17,0.0,0.0,0.0,0.0,0.0,,0.0
2021-02-01,Montana,30,94146,1235,MT,5.0,106145.0,99.31,0.0,0.0,0.0,0.0,0.0,,0.0
2021-02-01,Pennsylvania,42,851911,21741,PA,5.0,1134185.0,88.59,0.0,0.0,0.0,0.0,0.0,,0.0
2021-02-01,Wyoming,56,52057,596,WY,5.0,58721.0,101.46,0.0,0.0,0.0,0.0,0.0,,0.0
2021-02-01,Missouri,29,501226,7182,MO,5.0,462202.0,75.31,0.0,0.0,0.0,0.0,0.0,,0.0
2021-02-01,Minnesota,27,462596,6270,MN,5.0,546330.0,96.87,0.0,0.0,0.0,0.0,0.0,,0.0
2021-02-01,Mississippi,28,275706,6056,MS,5.0,238859.0,80.26,0.0,0.0,0.0,0.0,0.0,,0.0
2021-02-01,Alabama,01,460860,7688,AL,5.0,358280.0,73.07,0.0,0.0,0.0,0.0,0.0,,0.0
2021-02-01,Alaska,02,54091,253,AK,5.0,122020.0,166.8,0.0,0.0,0.0,0.0,0.0,,0.0
2021-02-01,Arizona,04,762458,13124,AZ,5.0,620608.0,85.26,0.0,0.0,0.0,0.0,0.0,,0.0
2021-02-01,Arkansas,05,296494,4895,AR,5.0,311230.0,103.13,0.0,0.0,0.0,0.0,0.0,,0.0
2021-02-01,California,06,3341656,41284,CA,5.0,3453284.0,87.4,0.0,0.0,0.0,0.0,0.0,,0.0
2021-02-01,Colorado,08,399384,5737,CO,5.0,589787.0,102.42,0.0,0.0,0.0,0.0,0.0,,0.0
2021-02-01,Delaware,10,78495,1101,DE,5.0,102697.0,105.46,0.0,0.0,0.0,0.0,0.0,,0.0
2021-02-01,District of Columbia,11,37008,916,DC,5.0,82519.0,116.92,0.0,0.0,0.0,0.0,0.0,,0.0
2021-02-01,Florida,12,1727099,26684,FL,5.0,2005378.0,93.37,0.0,0.0,0.0,0.0,0.0,,0.0
2021-02-01,Georgia,13,888462,13821,GA,5.0,930517.0,87.64,0.0,0.0,0.0,0.0,0.0,,0.0
2021-02-01,Connecticut,09,253954,7119,CT,5.0,449253.0,126.01,0.0,0.0,0.0,0.0,0.0,,0.0
2021-02-01,Idaho,16,163291,1737,ID,5.0,124377.0,69.6,0.0,0.0,0.0,0.0,0.0,,0.0
2021-02-01,Hawaii,15,25870,407,HI,5.0,135836.0,95.94,0.0,0.0,0.0,0.0,0.0,,0.0
2021-02-01,Massachusetts,25,526423,14607,MA,5.0,608947.0,88.35,0.0,0.0,0.0,0.0,0.0,,0.0
2021-02-01,Maryland,24,355812,7154,MD,5.0,528301.0,87.38,0.0,0.0,0.0,0.0,0.0,,0.0
2021-02-01,Maine,23,39543,595,ME,5.0,145786.0,108.45,0.0,0.0,0.0,0.0,0.0,,0.0
2021-02-01,Louisiana,22,401591,8912,LA,5.0,463179.0,99.63,0.0,0.0,0.0,0.0,0.0,,0.0
2021-02-01,Michigan,26,610524,15527,MI,5.0,1005544.0,100.69,0.0,0.0,0.0,0.0,0.0,,0.0
2021-02-01,Kansas,20,279587,3809,KS,5.0,226895.0,77.88,0.0,0.0,0.0,0.0,0.0,,0.0
2021-02-01,Iowa,19,320187,4906,IA,5.0,257468.0,81.6,0.0,0.0,0.0,0.0,0.0,,0.0
2021-02-01,Indiana,18,631502,9989,IN,5.0,607185.0,90.19,0.0,0.0,0.0,0.0,0.0,,0.0
2021-02-01,Illinois,17,1131212,21273,IL,5.0,1054814.0,83.24,0.0,0.0,0.0,0.0,0.0,,0.0
2021-02-01,Kentucky,21,368623,3995,KY,5.0,415545.0,93.01,0.0,0.0,0.0,0.0,0.0,,0.0
2021-03-01,Ohio,39,968874,17348,OH,9.0,2660844.0,227.63,2651938.0,1723002.0,0.147,0.0,0.0,,0.0
2021-03-01,North Dakota,38,99882,1475,ND,9.0,238585.0,313.08,230945.0,149458.0,0.196,0.0,0.0,,0.0
2021-03-01,North Carolina,37,862880,11286,NC,9.0,2525579.0,240.8,2494510.0,1615012.0,0.154,0.0,0.0,,0.0
2021-03-01,New York,36,1650560,47247,NY,9.0,4355544.0,223.89,4330929.0,2777745.0,0.14300000000000002,0.0,0.0,,0.0
2021-03-01,Nebraska,31,201556,2205,NE,9.0,476315.0,246.23,473729.0,311102.0,0.161,0.0,0.0,,0.0
2021-03-01,New Jersey,34,792496,23273,NJ,9.0,2096498.0,236.03,2191409.0,1448799.0,0.163,0.0,0.0,,0.0
2021-03-01,New Hampshire,33,75588,1170,NH,9.0,324806.0,238.88,337105.0,236501.0,0.174,0.0,0.0,,0.0
2021-03-01,Nevada,32,294047,4957,NV,9.0,715121.0,232.17,707912.0,458492.0,0.149,0.0,0.0,,0.0
2021-03-01,Oklahoma,40,424888,4478,OK,9.0,1119049.0,282.8,1112192.0,704200.0,0.17800000000000002,0.0,0.0,,0.0
2021-03-01,New Mexico,35,185297,3731,NM,9.0,711612.0,339.38,726722.0,470185.0,0.22399999999999998,0.0,0.0,,0.0
2021-03-01,Oregon,41,155873,2222,OR,9.0,1024055.0,242.8,1019924.0,650472.0,0.154,0.0,0.0,,0.0
2021-03-01,Texas,48,2658389,44078,TX,9.0,5572496.0,192.18,5342250.0,3533100.0,0.122,0.0,0.0,,0.0
2021-03-01,Rhode Island,44,126588,2517,RI,9.0,269512.0,254.41,270190.0,192198.0,0.18100000000000002,0.0,0.0,,0.0
2021-03-01,South Carolina,45,517976,8562,SC,9.0,1116811.0,216.91,1135714.0,755284.0,0.147,0.0,0.0,,0.0
2021-03-01,South Dakota,46,112470,1888,SD,9.0,282075.0,318.85,282025.0,186324.0,0.21100000000000002,0.0,0.0,,0.0
2021-03-01,Tennessee,47,761891,11327,TN,9.0,1394659.0,204.22,1378254.0,903477.0,0.132,0.0,0.0,,0.0
2021-03-01,Utah,49,371548,1940,UT,9.0,688506.0,214.76,687888.0,391925.0,0.122,0.0,0.0,,0.0
2021-03-01,Vermont,50,15284,205,VT,9.0,168050.0,269.32,164453.0,107238.0,0.172,0.0,0.0,,0.0
2021-03-01,Virginia,51,577174,8783,VA,9.0,2136926.0,250.36,2153385.0,1379963.0,0.162,0.0,0.0,,0.0
2021-03-01,Washington,53,343723,5038,WA,9.0,1800030.0,236.38,1806516.0,1166618.0,0.153,0.0,0.0,,0.0
2021-03-01,West Virginia,54,132048,2300,WV,9.0,534053.0,298.0,524652.0,318168.0,0.17800000000000002,0.0,0.0,,0.0
2021-03-01,Wisconsin,55,617700,7019,WI,9.0,1500923.0,257.78,1505084.0,971107.0,0.16699999999999998,0.0,0.0,,0.0
2021-03-01,Montana,30,100115,1358,MT,9.0,284679.0,266.36,285793.0,191091.0,0.179,0.0,0.0,,0.0
2021-03-01,Pennsylvania,42,938308,24065,PA,9.0,2835338.0,221.48,2837470.0,1956197.0,0.153,0.0,0.0,,0.0
2021-03-01,Missouri,29,525206,8385,MO,9.0,1375027.0,224.04,1324709.0,865315.0,0.141,0.0,0.0,,0.0
2021-03-01,Wyoming,56,54471,671,WY,9.0,156741.0,270.82,154969.0,99880.0,0.17300000000000001,0.0,0.0,,0.0
2021-03-01,Minnesota,27,485298,6554,MN,9.0,1429631.0,253.5,1438860.0,963223.0,0.171,0.0,0.0,,0.0
2021-03-01,Alabama,01,493769,9931,AL,9.0,948393.0,193.42,971485.0,653309.0,0.133,0.0,0.0,,0.0
2021-03-01,Alaska,02,58229,289,AK,9.0,268406.0,366.9,268637.0,168069.0,0.23,0.0,0.0,,0.0
2021-03-01,Arizona,04,818268,15979,AZ,9.0,1849259.0,254.06,1808630.0,1244879.0,0.171,0.0,0.0,,0.0
2021-03-01,Arkansas,05,322509,5250,AR,9.0,661572.0,219.22,663178.0,425567.0,0.141,0.0,0.0,,0.0
2021-03-01,California,06,3573775,52487,CA,9.0,9106077.0,230.46,9091366.0,6294258.0,0.159,0.0,0.0,,0.0
2021-03-01,Colorado,08,432186,6046,CO,9.0,1412910.0,245.35,1412808.0,924947.0,0.161,0.0,0.0,,0.0
2021-03-01,Connecticut,09,282626,7651,CT,9.0,1031305.0,289.26,1029406.0,712375.0,0.2,0.0,0.0,,0.0
2021-03-01,Delaware,10,87080,1422,DE,9.0,225374.0,231.45,220293.0,145722.0,0.15,0.0,0.0,,0.0
2021-03-01,District of Columbia,11,40684,1019,DC,9.0,198047.0,280.62,126332.0,84724.0,0.12,0.0,0.0,,0.0
2021-03-01,Florida,12,1910913,30998,FL,9.0,5047960.0,235.03,4962701.0,3166839.0,0.147,0.0,0.0,,0.0
2021-03-01,Georgia,13,983879,16834,GA,9.0,2072628.0,195.21,2045972.0,1260430.0,0.11900000000000001,0.0,0.0,,0.0
2021-03-01,Mississippi,28,294994,6681,MS,9.0,637116.0,214.07,643620.0,422306.0,0.142,0.0,0.0,,0.0
2021-03-01,Idaho,16,171618,1869,ID,9.0,404250.0,226.21,408870.0,263438.0,0.147,0.0,0.0,,0.0
2021-03-01,Illinois,17,1191207,22759,IL,9.0,2906555.0,229.37,2936886.0,2045444.0,0.161,0.0,0.0,,0.0
2021-03-01,Indiana,18,665422,12595,IN,9.0,1615149.0,239.91,1615237.0,1016048.0,0.151,0.0,0.0,,0.0
2021-03-01,Iowa,19,336890,5472,IA,9.0,734845.0,232.91,741520.0,546840.0,0.17300000000000001,0.0,0.0,,0.0
2021-03-01,Kansas,20,297436,4743,KS,9.0,620939.0,213.14,656971.0,439896.0,0.151,0.0,0.0,,0.0
2021-03-01,Kentucky,21,408854,4802,KY,9.0,1046835.0,234.31,1075995.0,713307.0,0.16,0.0,0.0,,0.0
2021-03-01,Louisiana,22,430504,9628,LA,9.0,1076576.0,231.58,1060951.0,678364.0,0.146,0.0,0.0,,0.0
2021-03-01,Maine,23,44762,703,ME,9.0,334009.0,248.48,339864.0,228686.0,0.17,0.0,0.0,,0.0
2021-03-01,Maryland,24,382884,7879,MD,9.0,1364145.0,225.64,1413319.0,906877.0,0.15,0.0,0.0,,0.0
2021-03-01,Massachusetts,25,582543,16144,MA,9.0,1803528.0,261.67,1788262.0,1260542.0,0.183,0.0,0.0,,0.0
2021-03-01,Michigan,26,646502,16509,MI,9.0,2357259.0,236.04,2396728.0,1514180.0,0.152,0.0,0.0,,0.0
2021-03-01,Hawaii,15,27499,436,HI,9.0,389644.0,275.2,392208.0,250646.0,0.177,0.0,0.0,,0.0
2021-04-01,Ohio,39,1020041,18609,OH,13.0,5400664.0,462.03,5357453.0,3464729.0,0.29600000000000004,2011920.0,0.172,,0.0
2021-04-01,North Dakota,38,103331,1498,ND,13.0,419484.0,550.46,402549.0,250258.0,0.32799999999999996,157052.0,0.20600000000000002,,0.0
2021-04-01,North Carolina,37,917474,12160,NC,13.0,4781372.0,455.89,4730477.0,3074120.0,0.293,1768023.0,0.16899999999999998,,0.0
2021-04-01,New York,36,1880768,49872,NY,13.0,9393484.0,482.87,9351136.0,6110874.0,0.314,3362056.0,0.17300000000000001,,0.0
2021-04-01,Nebraska,31,210155,2282,NE,13.0,966534.0,499.65,966838.0,611612.0,0.316,373119.0,0.193,,0.0
2021-04-01,New Jersey,34,914420,24591,NJ,13.0,4523995.0,509.33,4675401.0,3027313.0,0.341,1730178.0,0.195,,0.0
2021-04-01,New Hampshire,33,84539,1245,NH,13.0,707655.0,520.45,732216.0,500305.0,0.368,247295.0,0.182,,0.0
2021-04-01,Nevada,32,304131,5256,NV,13.0,1374197.0,446.15,1359785.0,870382.0,0.28300000000000003,501868.0,0.163,,0.0
2021-04-01,Oklahoma,40,438777,4953,OK,13.0,1975056.0,499.13,1950886.0,1243871.0,0.314,730894.0,0.185,,0.0
2021-04-01,New Mexico,35,191946,3944,NM,13.0,1281047.0,610.94,1302777.0,811808.0,0.387,503075.0,0.24,,0.0
2021-04-01,Oregon,41,165524,2398,OR,13.0,1893672.0,448.98,1898751.0,1211160.0,0.287,720833.0,0.171,,0.0
2021-04-01,Texas,48,2793685,48651,TX,13.0,11950969.0,412.16,11526684.0,7648787.0,0.264,4153575.0,0.14300000000000002,,0.0
2021-04-01,Rhode Island,44,137848,2624,RI,13.0,566515.0,534.77,565872.0,351275.0,0.332,227282.0,0.215,,0.0
2021-04-01,South Carolina,45,552681,9174,SC,13.0,2191473.0,425.64,2201503.0,1427425.0,0.27699999999999997,792963.0,0.154,,0.0
2021-04-01,South Dakota,46,117989,1938,SD,13.0,505081.0,570.93,506580.0,312907.0,0.354,202298.0,0.22899999999999998,,0.0
2021-04-01,Tennessee,47,799226,11809,TN,13.0,2725411.0,399.08,2685682.0,1751164.0,0.256,972815.0,0.142,,0.0
2021-04-01,Utah,49,386188,2125,UT,13.0,1380946.0,430.74,1374762.0,849691.0,0.265,379843.0,0.11800000000000001,,0.0
2021-04-01,Vermont,50,19523,227,VT,13.0,333676.0,534.75,326847.0,212105.0,0.34,119943.0,0.192,,0.0
2021-04-01,Virginia,51,620801,10268,VA,13.0,4140842.0,485.13,4173343.0,2725247.0,0.319,1490091.0,0.175,,0.0
2021-04-01,Washington,53,368049,5316,WA,13.0,3659886.0,480.62,3669264.0,2309959.0,0.303,1403264.0,0.184,,0.0
2021-04-01,West Virginia,54,142233,2683,WV,13.0,896388.0,500.18,886736.0,547917.0,0.306,347394.0,0.19399999999999998,,0.0
2021-04-01,Wisconsin,55,637117,7327,WI,13.0,2969294.0,509.97,2962248.0,1890610.0,0.325,1105832.0,0.19,,0.0
2021-04-01,Montana,30,104865,1438,MT,13.0,534273.0,499.89,537060.0,333966.0,0.312,210392.0,0.19699999999999998,,0.0
2021-04-01,Pennsylvania,42,1034263,25179,PA,13.0,6201769.0,484.44,6235324.0,4153159.0,0.324,2197732.0,0.172,,0.0
2021-04-01,Wyoming,56,56389,700,WY,13.0,270226.0,466.91,265569.0,161055.0,0.278,108971.0,0.188,,0.0
2021-04-01,Missouri,29,589546,8981,MO,13.0,2576981.0,419.88,2517932.0,1591306.0,0.259,954162.0,0.155,,0.0
2021-04-01,Minnesota,27,521745,6938,MN,13.0,2800651.0,496.6,2825759.0,1800657.0,0.319,1088094.0,0.193,,0.0
2021-04-01,Mississippi,28,305417,7048,MS,13.0,1160150.0,389.82,1163366.0,735846.0,0.247,452143.0,0.152,,0.0
2021-04-01,Alabama,01,515866,10553,AL,13.0,1771979.0,361.39,1819082.0,1184284.0,0.242,673773.0,0.13699999999999998,,0.0
2021-04-01,Alaska,02,62785,299,AK,13.0,411529.0,562.55,411294.0,250378.0,0.342,165325.0,0.226,,0.0
2021-04-01,Arizona,04,842200,16977,AZ,13.0,3512579.0,482.58,3434877.0,2194105.0,0.301,1267484.0,0.174,,0.0
2021-04-01,Arkansas,05,330609,5636,AR,13.0,1209965.0,400.94,1216601.0,803744.0,0.266,432735.0,0.14300000000000002,,0.0
2021-04-01,California,06,3671690,59396,CA,13.0,18604164.0,470.85,18580161.0,12376871.0,0.313,6485628.0,0.16399999999999998,,0.0
2021-04-01,Colorado,08,466368,6183,CO,13.0,2746030.0,476.85,2743916.0,1756207.0,0.305,1028324.0,0.179,,0.0
2021-04-01,Delaware,10,95188,1559,DE,13.0,473912.0,486.68,463437.0,309700.0,0.318,163586.0,0.168,,0.0
2021-04-01,District of Columbia,11,44656,1066,DC,13.0,381345.0,540.34,292770.0,198018.0,0.281,100548.0,0.142,,0.0
2021-04-01,Florida,12,2064517,33493,FL,13.0,9781739.0,455.44,9625678.0,6117321.0,0.285,3490647.0,0.163,,0.0
2021-04-01,Georgia,13,1036700,18536,GA,13.0,3950645.0,372.09,3919841.0,2584711.0,0.243,1327557.0,0.125,,0.0
2021-04-01,Connecticut,09,312468,7900,CT,13.0,1992899.0,558.97,1993795.0,1284258.0,0.36,743564.0,0.209,,0.0
2021-04-01,Idaho,16,181023,1967,ID,13.0,766703.0,429.03,771283.0,469042.0,0.262,300140.0,0.168,,0.0
2021-04-01,Hawaii,15,29888,460,HI,13.0,717790.0,506.96,724063.0,455591.0,0.322,276272.0,0.195,,0.0
2021-04-01,Massachusetts,25,638339,17217,MA,13.0,3685186.0,534.67,3670712.0,2404819.0,0.349,1341408.0,0.195,,0.0
2021-04-01,Maryland,24,413113,8303,MD,13.0,2882170.0,476.73,2934915.0,1923831.0,0.318,1075960.0,0.17800000000000002,,0.0
2021-04-01,Maine,23,50788,744,ME,13.0,715036.0,531.94,725201.0,472761.0,0.35200000000000004,271683.0,0.20199999999999999,,0.0
2021-04-01,Louisiana,22,445469,10161,LA,13.0,2003199.0,430.91,1969801.0,1236985.0,0.266,780225.0,0.168,,0.0
2021-04-01,Michigan,26,751999,17165,MI,13.0,4514072.0,452.0,4601754.0,2914902.0,0.292,1735920.0,0.174,,0.0
2021-04-01,Kansas,20,304685,4913,KS,13.0,1311354.0,450.12,1370654.0,887503.0,0.305,499609.0,0.171,,0.0
2021-04-01,Iowa,19,352137,5751,IA,13.0,1567904.0,496.95,1578468.0,987579.0,0.313,621545.0,0.19699999999999998,,0.0
2021-04-01,Indiana,18,691001,13048,IN,13.0,2840511.0,421.93,2848346.0,1733418.0,0.257,1147247.0,0.17,,0.0
2021-04-01,Illinois,17,1251829,23601,IL,13.0,6073419.0,479.29,6111411.0,4024047.0,0.318,2140575.0,0.16899999999999998,,0.0
2021-04-01,Kentucky,21,431160,6172,KY,13.0,2142945.0,479.66,2170018.0,1407333.0,0.315,798150.0,0.179,,0.0
2021-05-01,Oklahoma,40,448305,6788,OK,17.0,2699387.0,682.19,2658023.0,1529653.0,0.387,1183689.0,0.299,,0.0
2021-05-01,Nebraska,31,220032,2366,NE,17.0,1413371.0,730.65,1419597.0,833686.0,0.431,627277.0,0.324,,0.0
2021-05-01,Nevada,32,315438,5464,NV,17.0,2075542.0,673.84,2050786.0,1228338.0,0.39899999999999997,873639.0,0.284,,0.0
2021-05-01,New Hampshire,33,95163,1304,NH,17.0,1147521.0,843.94,1178721.0,823050.0,0.605,406448.0,0.299,,0.0
2021-05-01,New Jersey,34,998811,25588,NJ,17.0,7381197.0,831.01,7613543.0,4615887.0,0.52,3253642.0,0.366,,0.0
2021-05-01,New Mexico,35,197733,4069,NM,17.0,1817141.0,866.61,1839755.0,1073708.0,0.512,795559.0,0.379,,0.0
2021-05-01,New York,36,2050174,51791,NY,17.0,15858599.0,815.2,15789825.0,9345352.0,0.48,6861832.0,0.353,,0.0
2021-05-01,North Carolina,37,970673,12677,NC,17.0,7078485.0,674.91,7020442.0,4132341.0,0.39399999999999996,3103991.0,0.29600000000000004,,0.0
2021-05-01,North Dakota,38,107670,1525,ND,17.0,565496.0,742.06,537707.0,300087.0,0.39399999999999996,251660.0,0.33,,0.0
2021-05-01,Ohio,39,1074019,19284,OH,17.0,8461702.0,723.9,8353320.0,4745686.0,0.406,3838076.0,0.32799999999999996,,0.0
2021-05-01,Oregon,41,185621,2514,OR,17.0,3047459.0,722.53,3072648.0,1870231.0,0.44299999999999995,1285928.0,0.305,,0.0
2021-05-01,Wyoming,56,58142,707,WY,17.0,358222.0,618.95,350389.0,197208.0,0.341,162127.0,0.28,,0.0
2021-05-01,Rhode Island,44,148186,2671,RI,17.0,925022.0,873.19,918738.0,561055.0,0.53,393974.0,0.37200000000000005,,0.0
2021-05-01,South Carolina,45,579556,9506,SC,17.0,3273403.0,635.77,3261068.0,1891612.0,0.36700000000000005,1430024.0,0.278,,0.0
2021-05-01,South Dakota,46,122660,1967,SD,17.0,710757.0,803.42,713646.0,397714.0,0.45,334492.0,0.37799999999999995,,0.0
2021-05-01,Tennessee,47,832906,12100,TN,17.0,4055175.0,593.8,3983530.0,2356831.0,0.345,1699653.0,0.249,,0.0
2021-05-01,Texas,48,2891264,50455,TX,17.0,19090255.0,658.38,18513779.0,11164737.0,0.385,7960964.0,0.275,,0.0
2021-05-01,Utah,49,397798,2203,UT,17.0,2167644.0,676.13,2153013.0,1274391.0,0.39799999999999996,781308.0,0.244,,0.0
2021-05-01,Vermont,50,23032,247,VT,17.0,570823.0,914.8,561028.0,347866.0,0.557,236673.0,0.379,,0.0
2021-05-01,Virginia,51,660553,10777,VA,17.0,6751219.0,790.96,6783351.0,4056353.0,0.475,2868921.0,0.336,,0.0
2021-05-01,Washington,53,406546,5547,WA,17.0,5907522.0,775.79,5908332.0,3565288.0,0.46799999999999997,2493486.0,0.327,,0.0
2021-05-01,West Virginia,54,153498,2679,WV,17.0,1182570.0,659.86,1175692.0,643372.0,0.359,550960.0,0.307,,0.0
2021-05-01,Wisconsin,55,661414,7569,WI,17.0,4700739.0,807.35,4667163.0,2674704.0,0.45899999999999996,2092154.0,0.359,,0.0
2021-05-01,Pennsylvania,42,1158964,26307,PA,17.0,10238628.0,799.77,10298047.0,6417965.0,0.501,4191552.0,0.327,,0.0
2021-05-01,Montana,30,109061,1574,MT,17.0,766688.0,717.35,768439.0,438618.0,0.41,347472.0,0.325,,0.0
2021-05-01,Missouri,29,601861,9250,MO,17.0,4019723.0,654.95,3931748.0,2324310.0,0.379,1701405.0,0.27699999999999997,,0.0
2021-05-01,Minnesota,27,577617,7247,MN,17.0,4421310.0,783.97,4458614.0,2675504.0,0.474,1966598.0,0.349,,0.0
2021-05-01,Alabama,01,528309,10913,AL,17.0,2617405.0,533.82,2690595.0,1599130.0,0.326,1161725.0,0.237,,0.0
2021-05-01,Alaska,02,67598,330,AK,17.0,560662.0,766.41,558538.0,307711.0,0.42100000000000004,262217.0,0.358,,0.0
2021-05-01,Arizona,04,863571,17338,AZ,17.0,5123812.0,703.94,5024014.0,2981885.0,0.41,2139453.0,0.294,,0.0
2021-05-01,Arkansas,05,335968,5741,AR,17.0,1803795.0,597.72,1811890.0,1077072.0,0.35700000000000004,777244.0,0.258,,0.0
2021-05-01,California,06,3743780,61853,CA,17.0,30820835.0,780.03,30801913.0,19444906.0,0.49200000000000005,12282199.0,0.311,,0.0
2021-05-01,Colorado,08,515125,6434,CO,17.0,4506339.0,782.52,4496780.0,2697032.0,0.46799999999999997,1901152.0,0.33,,0.0
2021-05-01,Connecticut,09,339233,8097,CT,17.0,3264326.0,915.59,3265337.0,1967859.0,0.552,1402619.0,0.39299999999999996,,0.0
2021-05-01,Delaware,10,104621,1626,DE,17.0,771295.0,792.08,752675.0,458536.0,0.47100000000000003,323760.0,0.332,,0.0
2021-05-01,District of Columbia,11,47800,1106,DC,17.0,608710.0,862.5,534948.0,341552.0,0.484,213945.0,0.303,,0.0
2021-05-01,Florida,12,2238929,35238,FL,17.0,15488105.0,721.12,15254668.0,9084980.0,0.423,6410614.0,0.298,,0.0
2021-05-01,Georgia,13,1077047,19586,GA,17.0,6386954.0,601.55,6363957.0,3732623.0,0.35200000000000004,2649030.0,0.249,,0.0
2021-05-01,Mississippi,28,311900,7199,MS,17.0,1591494.0,534.75,1594032.0,925776.0,0.311,707954.0,0.23800000000000002,,0.0
2021-05-01,Idaho,16,187728,2048,ID,17.0,1087190.0,608.37,1090846.0,610267.0,0.341,488810.0,0.27399999999999997,,0.0
2021-05-01,Illinois,17,1341493,24330,IL,17.0,9551269.0,753.74,9649377.0,5939733.0,0.469,3908928.0,0.308,,0.0
2021-05-01,Indiana,18,724895,13338,IN,17.0,4201867.0,624.14,4191535.0,2448580.0,0.364,1837863.0,0.273,,0.0
2021-05-01,Iowa,19,365228,5952,IA,17.0,2408958.0,763.52,2412431.0,1397910.0,0.44299999999999995,1089362.0,0.345,,0.0
2021-05-01,Kansas,20,311213,5025,KS,17.0,2036312.0,698.97,2133839.0,1244566.0,0.42700000000000005,932563.0,0.32,,0.0
2021-05-01,Kentucky,21,448026,6631,KY,17.0,3168055.0,709.11,3192322.0,1844395.0,0.413,1437837.0,0.322,,0.0
2021-05-01,Louisiana,22,458581,10382,LA,17.0,2709800.0,582.9,2658099.0,1498914.0,0.322,1238226.0,0.266,,0.0
2021-05-01,Maine,23,61616,789,ME,17.0,1200539.0,893.12,1214131.0,741252.0,0.551,539689.0,0.401,,0.0
2021-05-01,Maryland,24,448529,8764,MD,17.0,4859616.0,803.82,4892532.0,2958451.0,0.489,2096169.0,0.34700000000000003,,0.0
2021-05-01,Massachusetts,25,690279,17617,MA,17.0,6276416.0,910.61,6272038.0,3909748.0,0.5670000000000001,2558500.0,0.371,,0.0
2021-05-01,Michigan,26,938277,18883,MI,17.0,7216189.0,722.57,7371343.0,4285781.0,0.429,3248981.0,0.325,,0.0
2021-05-01,Hawaii,15,32882,480,HI,17.0,1239820.0,875.66,1247005.0,753539.0,0.532,511672.0,0.361,,0.0
2021-06-01,Nebraska,31,223796,2497,NE,22.0,1705003.0,881.41,1712654.0,938657.0,0.485,820629.0,0.424,,0.0
2021-06-01,Oklahoma,40,453243,7291,OK,22.0,2960989.0,748.3,2913835.0,1646316.0,0.41600000000000004,1336335.0,0.33799999999999997,,0.0
2021-06-01,Nevada,32,324262,5590,NV,22.0,2514286.0,816.29,2484888.0,1408090.0,0.457,1139340.0,0.37,,0.0
2021-06-01,New Hampshire,33,98767,1353,NH,22.0,1399503.0,1029.27,1435242.0,816244.0,0.6,669207.0,0.49200000000000005,,0.0
2021-06-01,New Jersey,34,1016490,26219,NJ,22.0,9120351.0,1026.81,9387388.0,5370011.0,0.605,4341543.0,0.489,,0.0
2021-06-01,New Mexico,35,203151,4266,NM,22.0,2153155.0,1026.86,2175282.0,1213351.0,0.579,1005056.0,0.479,,0.0
2021-06-01,New York,36,2101111,52784,NY,22.0,19707378.0,1013.05,19639212.0,10871605.0,0.5589999999999999,9143738.0,0.47,,0.0
2021-06-01,North Carolina,37,1003793,13118,NC,22.0,8161362.0,778.16,8105024.0,4556607.0,0.434,3792863.0,0.36200000000000004,,0.0
2021-06-01,North Dakota,38,109993,1543,ND,22.0,614568.0,806.45,583995.0,321763.0,0.42200000000000004,278971.0,0.366,,0.0
2021-06-01,Ohio,39,1102556,19861,OH,22.0,9919597.0,848.62,9795295.0,5370444.0,0.45899999999999996,4710678.0,0.40299999999999997,,0.0
2021-06-01,Oregon,41,201701,2703,OR,22.0,4083414.0,968.15,4112497.0,2320098.0,0.55,1920451.0,0.455,,0.0
2021-06-01,Texas,48,2948635,51689,TX,22.0,23042424.0,794.68,22385330.0,12857415.0,0.44299999999999995,10325589.0,0.35600000000000004,,0.0
2021-06-01,Rhode Island,44,151844,2712,RI,22.0,1163595.0,1098.39,1153477.0,646437.0,0.61,548366.0,0.518,,0.0
2021-06-01,South Carolina,45,593262,9736,SC,22.0,3780756.0,734.31,3765695.0,2110412.0,0.41,1741817.0,0.33799999999999997,,0.0
2021-06-01,South Dakota,46,124191,2014,SD,22.0,776228.0,877.43,780223.0,426836.0,0.48200000000000004,375491.0,0.424,,0.0
2021-06-01,Tennessee,47,848552,12356,TN,22.0,4858223.0,711.39,4769059.0,2681462.0,0.39299999999999996,2173313.0,0.318,,0.0
2021-06-01,Utah,49,406352,2302,UT,22.0,2589348.0,807.67,2571456.0,1452779.0,0.45299999999999996,1041941.0,0.325,,0.0
2021-06-01,Vermont,50,24224,255,VT,22.0,777292.0,1245.68,761491.0,440908.0,0.7070000000000001,351788.0,0.564,,0.0
2021-06-01,Virginia,51,675597,11194,VA,22.0,8379306.0,981.7,8402627.0,4727104.0,0.5539999999999999,3866205.0,0.45299999999999996,,0.0
2021-06-01,Washington,53,438918,5833,WA,22.0,7654073.0,1005.15,7647311.0,4322203.0,0.568,3553192.0,0.467,,0.0
2021-06-01,West Virginia,54,161858,2797,WV,22.0,1317423.0,735.11,1313296.0,730686.0,0.408,610103.0,0.34,,0.0
2021-06-01,Wisconsin,55,674693,7875,WI,22.0,5485994.0,942.22,5445794.0,2979990.0,0.512,2596098.0,0.446,,0.0
2021-06-01,Montana,30,111949,1613,MT,22.0,868449.0,812.56,869307.0,484289.0,0.45299999999999996,409758.0,0.38299999999999995,,0.0
2021-06-01,Pennsylvania,42,1207596,27270,PA,22.0,12614213.0,985.33,12665419.0,7489056.0,0.585,5597140.0,0.43700000000000006,,0.0
2021-06-01,Missouri,29,615552,9662,MO,22.0,4684402.0,763.25,4590319.0,2594926.0,0.423,2112842.0,0.344,,0.0
2021-06-01,Wyoming,56,60364,720,WY,22.0,395636.0,683.59,387151.0,214414.0,0.37,184236.0,0.318,,0.0
2021-06-01,Minnesota,27,601610,7520,MN,22.0,5426087.0,962.13,5461870.0,3072620.0,0.545,2604793.0,0.462,,0.0
2021-06-01,Alabama,01,544045,11156,AL,22.0,3022276.0,616.39,3109461.0,1766784.0,0.36,1433267.0,0.292,,0.0
2021-06-01,Alaska,02,69737,352,AK,22.0,612692.0,837.53,609477.0,338093.0,0.462,288024.0,0.39399999999999996,,0.0
2021-06-01,Arizona,04,881454,17628,AZ,22.0,5976666.0,821.12,5869144.0,3376964.0,0.46399999999999997,2628096.0,0.361,,0.0
2021-06-01,Arkansas,05,341450,5834,AR,22.0,2081267.0,689.66,2088394.0,1195224.0,0.396,942315.0,0.312,,0.0
2021-06-01,California,06,3791188,63260,CA,22.0,38472729.0,973.69,38465752.0,22503069.0,0.57,17104505.0,0.433,,0.0
2021-06-01,Colorado,08,546596,6723,CO,22.0,5623057.0,976.44,5606203.0,3126292.0,0.5429999999999999,2616155.0,0.45399999999999996,,0.0
2021-06-01,Connecticut,09,347563,8244,CT,22.0,4044620.0,1134.44,4041406.0,2261237.0,0.634,1913791.0,0.537,,0.0
2021-06-01,Delaware,10,108894,1661,DE,22.0,943680.0,969.11,921875.0,534442.0,0.5489999999999999,422890.0,0.434,,0.0
2021-06-01,District of Columbia,11,49000,1134,DC,22.0,790691.0,1120.36,707648.0,403411.0,0.5720000000000001,327604.0,0.46399999999999997,,0.0
2021-06-01,Florida,12,2326747,36868,FL,22.0,18821297.0,876.32,18558215.0,10589244.0,0.493,8414881.0,0.392,,0.0
2021-06-01,Georgia,13,1099410,20181,GA,22.0,7610655.0,716.81,7600749.0,4236245.0,0.39899999999999997,3407704.0,0.321,,0.0
2021-06-01,Mississippi,28,317755,7318,MS,22.0,1769527.0,594.57,1774028.0,1010932.0,0.34,807549.0,0.271,,0.0
2021-06-01,Idaho,16,192378,2092,ID,22.0,1239775.0,693.75,1243252.0,673393.0,0.377,586778.0,0.32799999999999996,,0.0
2021-06-01,Illinois,17,1386620,25233,IL,22.0,11701469.0,923.42,11829514.0,6987611.0,0.551,5088954.0,0.402,,0.0
2021-06-01,Indiana,18,747549,13628,IN,22.0,5117270.0,760.12,5091178.0,2819004.0,0.419,2390812.0,0.355,,0.0
2021-06-01,Iowa,19,371473,6057,IA,22.0,2850889.0,903.59,2848128.0,1556439.0,0.493,1385346.0,0.439,,0.0
2021-06-01,Kansas,20,315863,5115,KS,22.0,2328849.0,799.38,2430995.0,1365645.0,0.469,1120823.0,0.385,,0.0
2021-06-01,Kentucky,21,460454,7109,KY,22.0,3654599.0,818.01,3677569.0,2077352.0,0.465,1721098.0,0.385,,0.0
2021-06-01,Louisiana,22,471663,10592,LA,22.0,3091340.0,664.98,3030051.0,1666297.0,0.358,1455285.0,0.313,,0.0
2021-06-01,Maine,23,67819,825,ME,22.0,1481269.0,1101.96,1494432.0,849245.0,0.632,731870.0,0.544,,0.0
2021-06-01,Maryland,24,460207,9616,MD,22.0,6163129.0,1019.43,6199175.0,3483007.0,0.5760000000000001,2915133.0,0.48200000000000004,,0.0
2021-06-01,Massachusetts,25,707131,17883,MA,22.0,8067293.0,1170.44,8059911.0,4587271.0,0.6659999999999999,3711007.0,0.5379999999999999,,0.0
2021-06-01,Michigan,26,991174,20374,MI,22.0,8714009.0,872.55,8897431.0,4882092.0,0.489,4216249.0,0.42200000000000004,,0.0
2021-06-01,Hawaii,15,35090,497,HI,22.0,1592196.0,1124.53,1595132.0,946860.0,0.669,676487.0,0.478,,0.0
2021-07-01,Oklahoma,40,458150,7388,OK,26.0,3274030.0,827.41,3221206.0,1777242.0,0.449,1522466.0,0.385,,0.0
2021-07-01,Ohio,39,1111903,20309,OH,26.0,10703193.0,915.66,10577533.0,5642147.0,0.483,5238887.0,0.44799999999999995,,0.0
2021-07-01,North Dakota,38,110749,1559,ND,26.0,643108.0,843.91,612164.0,334750.0,0.439,296509.0,0.389,,0.0
2021-07-01,North Carolina,37,1014967,13447,NC,26.0,9285070.0,885.3,9193514.0,5109348.0,0.48700000000000004,4389800.0,0.419,,0.0
2021-07-01,Nevada,32,334255,5692,NV,26.0,2783847.0,903.8,2752317.0,1533848.0,0.498,1295849.0,0.42100000000000004,,0.0
2021-07-01,New Mexico,35,205629,4345,NM,26.0,2384423.0,1137.16,2409056.0,1321330.0,0.63,1145072.0,0.546,,0.0
2021-07-01,New Jersey,34,1023613,26463,NJ,26.0,9864834.0,1110.63,10164314.0,5591191.0,0.629,4912136.0,0.5529999999999999,,0.0
2021-07-01,New Hampshire,33,99527,1372,NH,26.0,1532741.0,1127.25,1568228.0,849998.0,0.625,762403.0,0.561,,0.0
2021-07-01,Oregon,41,208900,2808,OR,26.0,4576887.0,1085.15,4601341.0,2481285.0,0.588,2268409.0,0.5379999999999999,,0.0
2021-07-01,New York,36,2113544,53107,NY,26.0,21851024.0,1123.24,21783019.0,11699728.0,0.601,10541495.0,0.542,,0.0
2021-07-01,Pennsylvania,42,1216965,27684,PA,26.0,13914074.0,1086.87,13947480.0,8048402.0,0.629,6368540.0,0.49700000000000005,,0.0
2021-07-01,Utah,49,415750,2375,UT,26.0,2856977.0,891.15,2832258.0,1566312.0,0.489,1201088.0,0.375,,0.0
2021-07-01,South Carolina,45,597021,9826,SC,26.0,4198578.0,815.46,4180812.0,2284426.0,0.444,1996786.0,0.38799999999999996,,0.0
2021-07-01,South Dakota,46,124561,2038,SD,26.0,820728.0,927.73,824982.0,447680.0,0.506,402310.0,0.455,,0.0
2021-07-01,Tennessee,47,854430,12472,TN,26.0,5283873.0,773.72,5183055.0,2851272.0,0.418,2421025.0,0.355,,0.0
2021-07-01,Texas,48,2995274,52554,TX,26.0,25756467.0,888.28,25056122.0,13990784.0,0.483,11974642.0,0.413,,0.0
2021-07-01,Vermont,50,24412,257,VT,26.0,852491.0,1366.2,835861.0,461667.0,0.74,409864.0,0.657,,0.0
2021-07-01,Virginia,51,680564,11419,VA,26.0,9249165.0,1083.61,9270578.0,5048162.0,0.591,4433088.0,0.519,,0.0
2021-07-01,Washington,53,454087,5992,WA,26.0,8589053.0,1127.93,8583339.0,4674964.0,0.614,4163605.0,0.547,,0.0
2021-07-01,West Virginia,54,164097,2897,WV,26.0,1420441.0,792.59,1418489.0,783445.0,0.43700000000000006,668104.0,0.373,,0.0
2021-07-01,Wisconsin,55,677952,8134,WI,26.0,5918279.0,1016.46,5876933.0,3127858.0,0.537,2886653.0,0.496,,0.0
2021-07-01,Wyoming,56,62353,747,WY,26.0,423238.0,731.29,414952.0,227741.0,0.39299999999999996,199743.0,0.345,,0.0
2021-07-01,Nebraska,31,224802,2520,NE,26.0,1868788.0,966.08,1877701.0,1002343.0,0.518,924490.0,0.478,,0.0
2021-07-01,Rhode Island,44,152618,2730,RI,26.0,1278902.0,1207.24,1267424.0,685515.0,0.647,625477.0,0.59,,0.0
2021-07-01,Montana,30,113928,1666,MT,26.0,941469.0,880.88,941207.0,510906.0,0.478,458881.0,0.429,,0.0
2021-07-01,Missouri,29,636120,9924,MO,26.0,5122970.0,834.71,5027594.0,2761421.0,0.45,2403164.0,0.392,,0.0
2021-07-01,Mississippi,28,321944,7415,MS,26.0,1913415.0,642.92,1918925.0,1079390.0,0.363,888154.0,0.298,,0.0
2021-07-01,Alaska,02,70669,360,AK,26.0,660235.0,902.52,655817.0,358963.0,0.491,314489.0,0.43,,0.0
2021-07-01,Arizona,04,895347,17939,AZ,26.0,6768593.0,929.92,6648704.0,3677400.0,0.505,3140316.0,0.431,,0.0
2021-07-01,Arkansas,05,350085,5909,AR,26.0,2240617.0,742.47,2247137.0,1268867.0,0.42,1033763.0,0.34299999999999997,,0.0
2021-07-01,California,06,3866606,63709,CA,26.0,42771685.0,1082.49,42771419.0,24304553.0,0.615,19746626.0,0.5,,0.0
2021-07-01,Colorado,08,561460,6952,CO,26.0,6203544.0,1077.24,6182088.0,3342035.0,0.58,2992902.0,0.52,,0.0
2021-07-01,Connecticut,09,349387,8279,CT,26.0,4414112.0,1238.08,4413251.0,2392184.0,0.6709999999999999,2167566.0,0.608,,0.0
2021-07-01,Delaware,10,109770,1694,DE,26.0,1041382.0,1069.44,1017680.0,567064.0,0.5820000000000001,488301.0,0.501,,0.0
2021-07-01,District of Columbia,11,49362,1141,DC,26.0,865044.0,1225.71,778036.0,432968.0,0.613,369251.0,0.523,,0.0
2021-07-01,Florida,12,2331916,37913,FL,26.0,21113090.0,983.02,20827069.0,11546951.0,0.5379999999999999,9868893.0,0.45899999999999996,,0.0
2021-07-01,Georgia,13,1110606,20734,GA,26.0,8445684.0,795.46,8451006.0,4613167.0,0.434,3893218.0,0.36700000000000005,,0.0
2021-07-01,Hawaii,15,36435,515,HI,26.0,1680216.0,1186.7,1690941.0,989417.0,0.6990000000000001,733872.0,0.518,,0.0
2021-07-01,Alabama,01,550983,11352,AL,26.0,3365396.0,686.37,3461449.0,1962745.0,0.4,1601802.0,0.327,,0.0
2021-07-01,Illinois,17,1396270,25687,IL,26.0,13002032.0,1026.06,13137055.0,7543744.0,0.595,5865479.0,0.46299999999999997,,0.0
2021-07-01,Indiana,18,757671,13855,IN,26.0,5600334.0,831.87,5571664.0,3005438.0,0.446,2693550.0,0.4,,0.0
2021-07-01,Iowa,19,373960,6140,IA,26.0,3039341.0,963.32,3035681.0,1623187.0,0.514,1515827.0,0.48,,0.0
2021-07-01,Kansas,20,319626,5189,KS,26.0,2491712.0,855.28,2597344.0,1434799.0,0.49200000000000005,1224715.0,0.42,,0.0
2021-07-01,Kentucky,21,466106,7269,KY,26.0,4002943.0,895.98,4024840.0,2213979.0,0.496,1947461.0,0.436,,0.0
2021-07-01,Louisiana,22,482035,10748,LA,26.0,3380221.0,727.12,3312318.0,1789830.0,0.385,1627321.0,0.35,,0.0
2021-07-01,Maine,23,69054,859,ME,26.0,1615250.0,1201.63,1627062.0,893723.0,0.665,827255.0,0.615,,0.0
2021-07-01,Maryland,24,462571,9744,MD,26.0,6891344.0,1139.88,6930820.0,3750240.0,0.62,3394301.0,0.561,,0.0
2021-07-01,Massachusetts,25,710049,17997,MA,26.0,8858362.0,1285.22,8854484.0,4860438.0,0.705,4256952.0,0.618,,0.0
2021-07-01,Michigan,26,998847,20998,MI,26.0,9438647.0,945.11,9638695.0,5142970.0,0.515,4709737.0,0.47200000000000003,,0.0
2021-07-01,Minnesota,27,605541,7692,MN,26.0,5884070.0,1043.34,5915718.0,3218732.0,0.5710000000000001,2931705.0,0.52,,0.0
2021-07-01,Idaho,16,195166,2156,ID,26.0,1325701.0,741.83,1329942.0,707755.0,0.396,645372.0,0.361,,0.0
2021-08-01,Oklahoma,40,480635,7485,OK,31.0,3462510.0,875.04,3407747.0,1899045.0,0.48,1593808.0,0.40299999999999997,,0.0
2021-08-01,Ohio,39,1130134,20492,OH,31.0,11104423.0,949.98,10975464.0,5838607.0,0.499,5445075.0,0.466,,0.0
2021-08-01,North Dakota,38,111705,1570,ND,31.0,664629.0,872.15,633283.0,347497.0,0.456,306118.0,0.402,,0.0
2021-08-01,North Carolina,37,1049288,13651,NC,31.0,9747467.0,929.38,9653760.0,5389717.0,0.514,4598420.0,0.43799999999999994,,0.0
2021-08-01,Nevada,32,356401,5912,NV,31.0,2974860.0,965.81,2941780.0,1658242.0,0.5379999999999999,1371300.0,0.445,,0.0
2021-08-01,New Mexico,35,210416,4412,NM,31.0,2494981.0,1189.88,2519229.0,1377897.0,0.657,1202247.0,0.573,,0.0
2021-08-01,New Jersey,34,1040281,26607,NJ,31.0,10396207.0,1170.46,10708168.0,5872988.0,0.6609999999999999,5194102.0,0.585,,0.0
2021-08-01,New Hampshire,33,100657,1387,NH,31.0,1593438.0,1171.89,1625806.0,880825.0,0.648,792770.0,0.583,,0.0
2021-08-01,Oregon,41,219755,2886,OR,31.0,4750153.0,1126.23,4771863.0,2564903.0,0.608,2363696.0,0.56,,0.0
2021-08-01,New York,36,2151035,53274,NY,31.0,22997841.0,1182.19,22930221.0,12301362.0,0.632,11129951.0,0.5720000000000001,,0.0
2021-08-01,Pennsylvania,42,1230824,27855,PA,31.0,14612105.0,1141.39,14640134.0,8415916.0,0.657,6722410.0,0.525,,0.0
2021-08-01,Utah,49,432539,2451,UT,31.0,3005597.0,937.5,2985165.0,1670849.0,0.521,1437027.0,0.44799999999999995,,0.0
2021-08-01,South Carolina,45,617148,9904,SC,31.0,4422076.0,858.87,4401337.0,2416085.0,0.469,2095411.0,0.40700000000000003,,0.0
2021-08-01,South Dakota,46,125216,2043,SD,31.0,851636.0,962.67,855701.0,467284.0,0.528,415629.0,0.47,,0.0
2021-08-01,Tennessee,47,879858,12638,TN,31.0,5772001.0,845.2,5656012.0,3067878.0,0.449,2675064.0,0.392,,0.0
2021-08-01,Texas,48,3135695,53420,TX,31.0,27497655.0,948.33,26778605.0,15035717.0,0.519,12737094.0,0.439,,0.0
2021-08-01,Vermont,50,24889,260,VT,31.0,873671.0,1400.14,855829.0,471674.0,0.7559999999999999,421753.0,0.6759999999999999,,0.0
2021-08-01,Virginia,51,694384,11532,VA,31.0,9713140.0,1137.97,9727490.0,5286888.0,0.619,4665300.0,0.547,,0.0
2021-08-01,Washington,53,474520,6165,WA,31.0,9017525.0,1184.2,9012074.0,4881296.0,0.6409999999999999,4394955.0,0.5770000000000001,,0.0
2021-08-01,West Virginia,54,167016,2946,WV,31.0,1487856.0,830.21,1488372.0,825494.0,0.461,699963.0,0.391,,0.0
2021-08-01,Wisconsin,55,687382,8290,WI,31.0,6172779.0,1060.17,6129557.0,3245163.0,0.557,3018766.0,0.518,,0.0
2021-08-01,Wyoming,56,65127,776,WY,31.0,447594.0,773.37,439562.0,241735.0,0.418,212317.0,0.36700000000000005,,0.0
2021-08-01,Nebraska,31,228450,2550,NE,31.0,1946218.0,1006.11,1955886.0,1045787.0,0.541,959162.0,0.496,,0.0
2021-08-01,Rhode Island,44,154339,2740,RI,31.0,1331347.0,1256.75,1322968.0,715048.0,0.675,652187.0,0.616,,0.0
2021-08-01,Montana,30,116480,1704,MT,31.0,974832.0,912.1,973838.0,529704.0,0.496,474264.0,0.444,,0.0
2021-08-01,Missouri,29,697481,10313,MO,31.0,5496056.0,895.5,5404665.0,3010771.0,0.491,2545755.0,0.415,,0.0
2021-08-01,Mississippi,28,343505,7543,MS,31.0,2150267.0,722.5,2156357.0,1183926.0,0.39799999999999996,1027050.0,0.345,,0.0
2021-08-01,Alaska,02,74853,372,AK,31.0,697509.0,953.47,692230.0,376948.0,0.515,333126.0,0.455,,0.0
2021-08-01,Arizona,04,929541,18251,AZ,31.0,7113311.0,977.28,6992270.0,3871294.0,0.532,3298893.0,0.45299999999999996,,0.0
2021-08-01,Arkansas,05,388436,6157,AR,31.0,2455566.0,813.69,2460700.0,1422822.0,0.47100000000000003,1101135.0,0.365,,0.0
2021-08-01,California,06,4040811,64417,CA,31.0,45274447.0,1145.83,45268866.0,25684580.0,0.65,20936317.0,0.53,,0.0
2021-08-01,Colorado,08,578713,7097,CO,31.0,6484050.0,1125.95,6458763.0,3477989.0,0.604,3138193.0,0.545,,0.0
2021-08-01,Connecticut,09,354335,8293,CT,31.0,4599836.0,1290.17,4600532.0,2496708.0,0.7,2259172.0,0.634,,0.0
2021-08-01,Delaware,10,111563,1833,DE,31.0,1092299.0,1121.73,1067543.0,592392.0,0.608,514398.0,0.528,,0.0
2021-08-01,District of Columbia,11,50398,1149,DC,31.0,902782.0,1279.18,814985.0,452423.0,0.6409999999999999,387155.0,0.5489999999999999,,0.0
2021-08-01,Florida,12,2590699,39079,FL,31.0,22626694.0,1053.5,22325950.0,12449521.0,0.58,10518519.0,0.49,,0.0
2021-08-01,Georgia,13,1153494,20978,GA,31.0,8942038.0,842.2,8955745.0,4913017.0,0.46299999999999997,4105276.0,0.387,,0.0
2021-08-01,Hawaii,15,41090,534,HI,31.0,1720923.0,1215.45,1733807.0,1012360.0,0.715,759083.0,0.536,,0.0
2021-08-01,Alabama,01,587405,11536,AL,31.0,3603940.0,735.02,3706052.0,2130105.0,0.434,1687404.0,0.344,,0.0
2021-08-01,Illinois,17,1423590,25916,IL,31.0,13682875.0,1079.79,13822585.0,7923562.0,0.625,6163559.0,0.486,,0.0
2021-08-01,Indiana,18,774662,14005,IN,31.0,6084496.0,903.79,6050807.0,3188373.0,0.474,2981690.0,0.44299999999999995,,0.0
2021-08-01,Iowa,19,379797,6183,IA,31.0,3141321.0,995.64,3137536.0,1681193.0,0.5329999999999999,1565971.0,0.496,,0.0
2021-08-01,Kansas,20,334159,5294,KS,31.0,2709869.0,930.17,2807363.0,1558772.0,0.535,1319604.0,0.45299999999999996,,0.0
2021-08-01,Kentucky,21,483719,7378,KY,31.0,4210049.0,942.34,4231928.0,2335680.0,0.523,2042731.0,0.457,,0.0
2021-08-01,Louisiana,22,541679,10999,LA,31.0,3664260.0,788.22,3592858.0,1987668.0,0.428,1720225.0,0.37,,0.0
2021-08-01,Maine,23,70463,900,ME,31.0,1666728.0,1239.93,1677669.0,920089.0,0.684,853912.0,0.635,,0.0
2021-08-01,Maryland,24,469314,9828,MD,31.0,7219094.0,1194.09,7262116.0,3918398.0,0.648,3561789.0,0.589,,0.0
2021-08-01,Massachusetts,25,719780,18082,MA,31.0,9153642.0,1328.06,9152713.0,5013817.0,0.727,4410963.0,0.64,,0.0
2021-08-01,Michigan,26,1009618,21173,MI,31.0,9814438.0,982.74,10024559.0,5314500.0,0.532,4885353.0,0.489,,0.0
2021-08-01,Minnesota,27,612794,7761,MN,31.0,6093791.0,1080.53,6121638.0,3327267.0,0.59,3037935.0,0.539,,0.0
2021-08-01,Idaho,16,200564,2199,ID,31.0,1376586.0,770.31,1381340.0,737474.0,0.413,669331.0,0.375,,0.0
2021-09-01,Ohio,39,1228002,20866,OH,35.0,11653997.0,997.0,11519927.0,6144872.0,0.526,5667430.0,0.485,0.0,0.0
2021-09-01,North Dakota,38,117987,1593,ND,35.0,697825.0,915.71,665839.0,367646.0,0.48200000000000004,317725.0,0.41700000000000004,0.0,0.0
2021-09-01,North Carolina,37,1222452,14546,NC,35.0,10495776.0,1000.73,10393863.0,5854168.0,0.5579999999999999,4871829.0,0.465,0.0,0.0
2021-09-01,New York,36,2280354,53875,NY,35.0,24428883.0,1255.75,24362987.0,13136849.0,0.675,11725228.0,0.603,0.0,0.0
2021-09-01,Nebraska,31,245111,2594,NE,35.0,2066086.0,1068.07,2075001.0,1112022.0,0.575,1007054.0,0.521,0.0,0.0
2021-09-01,New Jersey,34,1094249,26902,NJ,35.0,11030025.0,1241.81,11353570.0,6222920.0,0.701,5469611.0,0.616,0.0,0.0
2021-09-01,New Hampshire,33,108021,1420,NH,35.0,1686698.0,1240.48,1705042.0,912987.0,0.6709999999999999,812028.0,0.597,0.0,0.0
2021-09-01,Nevada,32,392052,6539,NV,35.0,3213855.0,1043.41,3179571.0,1789543.0,0.581,1477405.0,0.48,0.0,0.0
2021-09-01,Oklahoma,40,554496,8001,OK,35.0,3844902.0,971.68,3784791.0,2116822.0,0.535,1741131.0,0.44,0.0,0.0
2021-09-01,New Mexico,35,233487,4531,NM,35.0,2648064.0,1262.89,2673397.0,1468079.0,0.7,1260112.0,0.601,0.0,0.0
2021-09-01,Oregon,41,279087,3233,OR,35.0,4982093.0,1181.22,4998897.0,2703199.0,0.6409999999999999,2452383.0,0.581,0.0,0.0
2021-09-01,Texas,48,3630865,57533,TX,35.0,30268539.0,1043.89,29503818.0,16603680.0,0.573,13802230.0,0.47600000000000003,0.0,0.0
2021-09-01,Rhode Island,44,162969,2772,RI,35.0,1395677.0,1317.47,1406810.0,760425.0,0.718,687906.0,0.649,0.0,0.0
2021-09-01,South Carolina,45,740634,10684,SC,35.0,4826648.0,937.45,4806324.0,2666012.0,0.518,2238130.0,0.435,0.0,0.0
2021-09-01,South Dakota,46,132837,2069,SD,35.0,905184.0,1023.2,908248.0,499074.0,0.564,436288.0,0.493,0.0,0.0
2021-09-01,Tennessee,47,1041816,13410,TN,35.0,6343480.0,928.88,6213443.0,3395455.0,0.49700000000000005,2866456.0,0.42,0.0,0.0
2021-09-01,Utah,49,466188,2640,UT,35.0,3247507.0,1012.96,3222124.0,1812423.0,0.565,1531041.0,0.478,0.0,0.0
2021-09-01,Vermont,50,28399,277,VT,35.0,874375.0,1401.27,862708.0,475205.0,0.762,423905.0,0.679,0.0,0.0
2021-09-01,Virginia,51,769842,11861,VA,35.0,10259067.0,1201.93,10267104.0,5582521.0,0.654,4895575.0,0.574,0.0,0.0
2021-09-01,Washington,53,568881,6671,WA,35.0,9516325.0,1249.7,9511383.0,5175831.0,0.68,4588517.0,0.603,0.0,0.0
2021-09-01,West Virginia,54,191156,3106,WV,35.0,1515162.0,845.45,1522469.0,844323.0,0.47100000000000003,711012.0,0.397,0.0,0.0
2021-09-01,Wisconsin,55,736432,8496,WI,35.0,6480244.0,1112.98,6437535.0,3417847.0,0.5870000000000001,3147447.0,0.541,0.0,0.0
2021-09-01,Montana,30,128216,1803,MT,35.0,1022304.0,956.52,1020444.0,558175.0,0.522,491722.0,0.46,0.0,0.0
2021-09-01,Pennsylvania,42,1303699,28235,PA,35.0,15439653.0,1206.04,15459458.0,8897546.0,0.695,7071957.0,0.552,0.0,0.0
2021-09-01,Missouri,29,777724,11306,MO,35.0,5958297.0,970.81,5871396.0,3238050.0,0.528,2772180.0,0.452,0.0,0.0
2021-09-01,Wyoming,56,76007,858,WY,35.0,478529.0,826.82,471267.0,262333.0,0.45299999999999996,223746.0,0.387,0.0,0.0
2021-09-01,Minnesota,27,651481,7910,MN,35.0,6388832.0,1132.85,6410965.0,3488554.0,0.619,3156838.0,0.56,0.0,0.0
2021-09-01,Alabama,01,704420,12291,AL,35.0,4139337.0,844.21,4237081.0,2444342.0,0.499,1882050.0,0.384,0.0,0.0
2021-09-01,Alaska,02,88633,431,AK,35.0,731751.0,1000.28,726506.0,397332.0,0.5429999999999999,345826.0,0.473,0.0,0.0
2021-09-01,Arizona,04,1016663,18853,AZ,35.0,7588261.0,1042.53,7464353.0,4133279.0,0.568,3492547.0,0.48,0.0,0.0
2021-09-01,Arkansas,05,455781,6969,AR,35.0,2809381.0,930.94,2811449.0,1609947.0,0.5329999999999999,1260972.0,0.418,0.0,0.0
2021-09-01,California,06,4471918,65987,CA,35.0,48109850.0,1217.59,48104315.0,27262009.0,0.69,22118872.0,0.56,0.0,0.0
2021-09-01,Colorado,08,620687,7324,CO,35.0,6838077.0,1187.43,6805629.0,3654920.0,0.635,3284526.0,0.57,0.0,0.0
2021-09-01,Connecticut,09,373784,8358,CT,35.0,4839090.0,1357.28,4840715.0,2632223.0,0.738,2360433.0,0.662,0.0,0.0
2021-09-01,Delaware,10,120180,1887,DE,35.0,1153782.0,1184.87,1127674.0,624871.0,0.642,539442.0,0.5539999999999999,0.0,0.0
2021-09-01,District of Columbia,11,55570,1161,DC,35.0,948637.0,1344.16,860657.0,476947.0,0.6759999999999999,404881.0,0.574,0.0,0.0
2021-09-01,Florida,12,3269502,44571,FL,35.0,24977541.0,1162.95,24666612.0,13736376.0,0.64,11423459.0,0.532,0.0,0.0
2021-09-01,Georgia,13,1382004,22132,GA,35.0,9882512.0,930.78,9898131.0,5480606.0,0.516,4444517.0,0.419,0.0,0.0
2021-09-01,Mississippi,28,439661,8490,MS,35.0,2495659.0,838.55,2503626.0,1401304.0,0.47100000000000003,1144189.0,0.384,0.0,0.0
2021-09-01,Idaho,16,222631,2372,ID,35.0,1462996.0,818.66,1468208.0,791604.0,0.44299999999999995,701567.0,0.39299999999999996,0.0,0.0
2021-09-01,Illinois,17,1532494,26535,IL,35.0,14667774.0,1157.51,14803954.0,8371832.0,0.6609999999999999,6499961.0,0.513,0.0,0.0
2021-09-01,Indiana,18,866672,14520,IN,35.0,6431733.0,955.37,6396913.0,3382637.0,0.502,3121678.0,0.46399999999999997,0.0,0.0
2021-09-01,Iowa,19,408390,6307,IA,35.0,3311071.0,1049.44,3306373.0,1778377.0,0.564,1634900.0,0.518,0.0,0.0
2021-09-01,Kansas,20,374314,5610,KS,35.0,2919234.0,1002.03,3015591.0,1673114.0,0.574,1408917.0,0.484,0.0,0.0
2021-09-01,Kentucky,21,584624,7842,KY,35.0,4569505.0,1022.79,4589309.0,2556333.0,0.5720000000000001,2174020.0,0.48700000000000004,0.0,0.0
2021-09-01,Louisiana,22,692176,12582,LA,35.0,4208862.0,905.37,4131022.0,2304729.0,0.496,1934767.0,0.41600000000000004,0.0,0.0
2021-09-01,Maine,23,76289,934,ME,35.0,1745507.0,1298.54,1754837.0,963425.0,0.7170000000000001,885965.0,0.659,0.0,0.0
2021-09-01,Maryland,24,498599,10024,MD,35.0,7614236.0,1259.45,7659689.0,4129264.0,0.6829999999999999,3724286.0,0.616,0.0,0.0
2021-09-01,Massachusetts,25,761906,18257,MA,35.0,9484059.0,1376.0,9489183.0,5197364.0,0.754,4552073.0,0.66,0.0,0.0
2021-09-01,Michigan,26,1064001,21603,MI,35.0,10202077.0,1021.55,10423398.0,5523360.0,0.5529999999999999,5050254.0,0.506,0.0,0.0
2021-09-01,Hawaii,15,61800,599,HI,35.0,1786080.0,1261.47,1801814.0,1050832.0,0.742,783802.0,0.5539999999999999,0.0,0.0
2021-10-01,Ohio,39,1420206,22273,OH,39.0,12114178.0,1036.37,11975432.0,6347015.0,0.5429999999999999,5876941.0,0.503,0.0,0.0
2021-10-01,North Dakota,38,132842,1645,ND,39.0,744865.0,977.43,711428.0,389102.0,0.511,337399.0,0.44299999999999995,0.0,0.0
2021-10-01,North Carolina,37,1402049,16625,NC,39.0,11351493.0,1082.32,11239111.0,6288574.0,0.6,5232429.0,0.499,0.0,0.0
2021-10-01,New York,36,2430353,54976,NY,39.0,25963656.0,1334.65,25899429.0,13898789.0,0.7140000000000001,12417788.0,0.638,0.0,0.0
2021-10-01,Nebraska,31,267079,2686,NE,39.0,2174668.0,1124.2,2181639.0,1150147.0,0.595,1058664.0,0.547,0.0,0.0
2021-10-01,New Jersey,34,1156243,27443,NJ,39.0,11547112.0,1300.03,11886429.0,6444074.0,0.726,5716908.0,0.644,0.0,0.0
2021-10-01,New Hampshire,33,120763,1481,NH,39.0,1756682.0,1291.95,1769572.0,952975.0,0.701,836777.0,0.615,0.0,0.0
2021-10-01,Nevada,32,422329,7166,NV,39.0,3403348.0,1104.93,3368014.0,1873602.0,0.608,1564967.0,0.508,0.0,0.0
2021-10-01,Oklahoma,40,615217,8949,OK,39.0,4165663.0,1052.74,4102184.0,2242977.0,0.5670000000000001,1887145.0,0.47700000000000004,0.0,0.0
2021-10-01,New Mexico,35,253815,4814,NM,39.0,2792873.0,1331.95,2819814.0,1523778.0,0.727,1326551.0,0.633,0.0,0.0
2021-10-01,Oregon,41,331709,3815,OR,39.0,5245350.0,1243.64,5247089.0,2810893.0,0.6659999999999999,2566668.0,0.609,0.0,0.0
2021-10-01,Texas,48,4069475,65858,TX,39.0,32367702.0,1116.29,31532014.0,17273740.0,0.596,14833273.0,0.512,0.0,0.0
2021-10-01,Rhode Island,44,172719,2838,RI,39.0,1464174.0,1382.13,1490929.0,798143.0,0.753,723947.0,0.6829999999999999,0.0,0.0
2021-10-01,South Carolina,45,860369,12570,SC,39.0,5277805.0,1025.07,5258027.0,2848102.0,0.5529999999999999,2437813.0,0.473,0.0,0.0
2021-10-01,South Dakota,46,145474,2145,SD,39.0,960781.0,1086.05,963928.0,524815.0,0.593,458094.0,0.518,0.0,0.0
2021-10-01,Tennessee,47,1203531,15082,TN,39.0,6897008.0,1009.93,6755400.0,3604208.0,0.528,3108523.0,0.455,0.0,0.0
2021-10-01,Utah,49,510308,2943,UT,39.0,3437350.0,1072.18,3407547.0,1892878.0,0.59,1628214.0,0.508,0.0,0.0
2021-10-01,Vermont,50,33852,318,VT,39.0,899696.0,1441.85,886553.0,485315.0,0.778,433836.0,0.695,0.0,0.0
2021-10-01,Virginia,51,869328,12806,VA,39.0,10910780.0,1278.28,10903365.0,5847622.0,0.685,5178108.0,0.607,0.0,0.0
2021-10-01,Washington,53,663560,7824,WA,39.0,9606072.0,1261.48,9615400.0,5124310.0,0.6729999999999999,4639289.0,0.609,0.0,0.0
2021-10-01,West Virginia,54,242104,3722,WV,39.0,1553449.0,866.81,1569353.0,864110.0,0.48200000000000004,724901.0,0.40399999999999997,0.0,0.0
2021-10-01,Wisconsin,55,814364,8901,WI,39.0,6809569.0,1169.54,6766992.0,3551985.0,0.61,3290215.0,0.565,0.0,0.0
2021-10-01,Montana,30,152159,2017,MT,39.0,1089956.0,1019.82,1087104.0,585641.0,0.5479999999999999,518514.0,0.485,0.0,0.0
2021-10-01,Pennsylvania,42,1435292,29437,PA,39.0,16248312.0,1269.2,16259196.0,9303585.0,0.727,7418431.0,0.579,0.0,0.0
2021-10-01,Missouri,29,838961,12216,MO,39.0,6320075.0,1029.76,6227642.0,3370684.0,0.5489999999999999,2946018.0,0.48,0.0,0.0
2021-10-01,Wyoming,56,91169,996,WY,39.0,520913.0,900.05,514443.0,280782.0,0.485,240910.0,0.41600000000000004,0.0,0.0
2021-10-01,Minnesota,27,714893,8273,MN,39.0,6681703.0,1184.78,6698399.0,3585878.0,0.636,3283285.0,0.5820000000000001,0.0,0.0
2021-10-01,Alabama,01,798320,14393,AL,39.0,4534772.0,924.86,4621782.0,2584258.0,0.527,2090806.0,0.426,0.0,0.0
2021-10-01,Alaska,02,114867,560,AK,39.0,794992.0,1086.73,789323.0,419730.0,0.574,370883.0,0.507,0.0,0.0
2021-10-01,Arizona,04,1097225,20039,AZ,39.0,8230420.0,1130.75,8096462.0,4320252.0,0.594,3722711.0,0.511,0.0,0.0
2021-10-01,Arkansas,05,496934,7718,AR,39.0,3028330.0,1003.49,3028194.0,1683950.0,0.5579999999999999,1378871.0,0.457,0.0,0.0
2021-10-01,California,06,4747079,69387,CA,39.0,50718669.0,1283.62,50713150.0,28371516.0,0.718,23325382.0,0.59,0.0,0.0
2021-10-01,Colorado,08,677143,7772,CO,39.0,7189708.0,1248.49,7152658.0,3780734.0,0.657,3423369.0,0.594,0.0,0.0
2021-10-01,Connecticut,09,391066,8650,CT,39.0,5054683.0,1417.75,5057175.0,2723058.0,0.764,2453791.0,0.688,0.0,0.0
2021-10-01,Delaware,10,133599,1954,DE,39.0,1202699.0,1235.1,1176535.0,645970.0,0.6629999999999999,561343.0,0.5760000000000001,0.0,0.0
2021-10-01,District of Columbia,11,61331,1176,DC,39.0,1001421.0,1418.95,910895.0,500488.0,0.7090000000000001,424934.0,0.602,0.0,0.0
2021-10-01,Florida,12,3576581,55299,FL,39.0,26838067.0,1249.58,26528866.0,14392083.0,0.67,12319184.0,0.574,0.0,0.0
2021-10-01,Georgia,13,1547658,25371,GA,39.0,10674387.0,1005.37,10694608.0,5829363.0,0.5489999999999999,4824114.0,0.45399999999999996,0.0,0.0
2021-10-01,Mississippi,28,489216,9646,MS,39.0,2791597.0,937.99,2800051.0,1495207.0,0.502,1297823.0,0.436,0.0,0.0
2021-10-01,Idaho,16,259147,2936,ID,39.0,1570569.0,878.85,1576615.0,842333.0,0.47100000000000003,745039.0,0.41700000000000004,0.0,0.0
2021-10-01,Illinois,17,1635964,27714,IL,39.0,15348664.0,1211.24,15489087.0,8680967.0,0.685,6787835.0,0.536,0.0,0.0
2021-10-01,Indiana,18,969375,15686,IN,39.0,6765339.0,1004.92,6730356.0,3520154.0,0.523,3260132.0,0.484,0.0,0.0
2021-10-01,Iowa,19,452057,6563,IA,39.0,3467142.0,1098.91,3462182.0,1835497.0,0.5820000000000001,1705332.0,0.541,0.0,0.0
2021-10-01,Kansas,20,412319,6097,KS,39.0,3092716.0,1061.58,3192935.0,1747415.0,0.6,1492281.0,0.512,0.0,0.0
2021-10-01,Kentucky,21,700971,8896,KY,39.0,4946999.0,1107.29,4964317.0,2716861.0,0.608,2342894.0,0.524,0.0,0.0
2021-10-01,Louisiana,22,741906,13988,LA,39.0,4533166.0,975.13,4455255.0,2408154.0,0.518,2115775.0,0.455,0.0,0.0
2021-10-01,Maine,23,90727,1024,ME,39.0,1830272.0,1361.59,1837975.0,998004.0,0.742,922524.0,0.6859999999999999,0.0,0.0
2021-10-01,Maryland,24,534101,10460,MD,39.0,7979418.0,1319.85,8033307.0,4274911.0,0.7070000000000001,3879416.0,0.642,0.0,0.0
2021-10-01,Massachusetts,25,813599,18647,MA,39.0,9811783.0,1423.54,9819577.0,5342090.0,0.775,4682802.0,0.679,0.0,0.0
2021-10-01,Michigan,26,1157226,22421,MI,39.0,10656190.0,1067.02,10888459.0,5700660.0,0.5710000000000001,5227214.0,0.523,0.0,0.0
2021-10-01,Hawaii,15,77143,786,HI,39.0,1882271.0,1329.41,1897262.0,1087777.0,0.768,821620.0,0.58,0.0,0.0
2021-11-01,Oregon,41,367610,4377,OR,44.0,5652352.0,1340.14,5650929.0,2886614.0,0.684,2652286.0,0.629,305790.0,11.5
2021-11-01,Nevada,32,451500,7656,NV,44.0,3660182.0,1188.31,3628557.0,1955696.0,0.635,1633992.0,0.53,145330.0,8.9
2021-11-01,New Hampshire,33,136775,1568,NH,44.0,1926363.0,1416.74,1925373.0,1044950.0,0.769,855109.0,0.629,14107.0,1.6
2021-11-01,New Jersey,34,1199738,27980,NJ,44.0,12354966.0,1390.98,12719576.0,6675933.0,0.752,5899910.0,0.664,561435.0,9.5
2021-11-01,New Mexico,35,277835,5063,NM,44.0,2835542.0,1352.3,2926507.0,1515135.0,0.723,1303647.0,0.622,171929.0,13.2
2021-11-01,New York,36,2563625,56044,NY,44.0,27675569.0,1422.65,27646184.0,14477407.0,0.7440000000000001,12987792.0,0.6679999999999999,785287.0,6.0
2021-11-01,North Carolina,37,1484557,18122,NC,44.0,12437996.0,1185.92,12322338.0,6780564.0,0.647,5530687.0,0.527,385818.0,7.0
2021-11-01,North Dakota,38,148587,1798,ND,44.0,811183.0,1064.46,775935.0,407352.0,0.535,350588.0,0.46,46718.0,13.3
2021-11-01,Ohio,39,1547788,24527,OH,44.0,13087885.0,1119.67,12955458.0,6534116.0,0.5589999999999999,6068003.0,0.519,719874.0,11.9
2021-11-01,Oklahoma,40,645352,10710,OK,44.0,4509104.0,1139.53,4462550.0,2357556.0,0.596,1983104.0,0.501,222410.0,11.2
2021-11-01,Wyoming,56,103622,1174,WY,44.0,569216.0,983.51,564860.0,294356.0,0.509,254047.0,0.439,30427.0,12.0
2021-11-01,Nebraska,31,285284,2769,NE,44.0,2337486.0,1208.37,2345520.0,1179979.0,0.61,1087880.0,0.562,124479.0,11.4
2021-11-01,Rhode Island,44,179963,2879,RI,44.0,1576399.0,1488.07,1618058.0,829411.0,0.7829999999999999,751862.0,0.71,84503.0,11.2
2021-11-01,South Carolina,45,899481,13753,SC,44.0,5746252.0,1116.06,5731617.0,2970484.0,0.5770000000000001,2577829.0,0.501,310466.0,12.0
2021-11-01,South Dakota,46,154885,2241,SD,44.0,1028777.0,1162.91,1035189.0,549527.0,0.621,465717.0,0.526,50815.0,10.9
2021-11-01,Tennessee,47,1251111,16216,TN,44.0,7457981.0,1092.08,7313020.0,3724858.0,0.545,3254928.0,0.47700000000000004,399928.0,12.3
2021-11-01,Texas,48,4233754,71587,TX,44.0,34656838.0,1195.23,33811453.0,17819607.0,0.615,15491836.0,0.534,1533143.0,9.9
2021-11-01,Utah,49,553175,3237,UT,44.0,3699513.0,1153.95,3667119.0,1960324.0,0.611,1717822.0,0.536,121884.0,7.1
2021-11-01,Vermont,50,40340,368,VT,44.0,985750.0,1579.76,972203.0,498351.0,0.799,444987.0,0.713,68548.0,15.4
2021-11-01,Virginia,51,927999,13984,VA,44.0,11834418.0,1386.49,11825421.0,6080128.0,0.7120000000000001,5391990.0,0.632,595187.0,11.0
2021-11-01,Washington,53,732810,8717,WA,44.0,10326133.0,1356.04,10348623.0,5284322.0,0.6940000000000001,4834379.0,0.635,493372.0,10.2
2021-11-01,West Virginia,54,273030,4450,WV,44.0,1590951.0,887.73,1617555.0,878292.0,0.49,735525.0,0.41,45236.0,6.2
2021-11-01,Wisconsin,55,887361,9430,WI,44.0,7391761.0,1269.53,7361172.0,3654374.0,0.628,3397399.0,0.584,465596.0,13.7
2021-11-01,Pennsylvania,42,1564939,31454,PA,44.0,17711617.0,1383.51,17719550.0,10020842.0,0.7829999999999999,7762127.0,0.606,513016.0,6.6
2021-11-01,Montana,30,177171,2366,MT,44.0,1191848.0,1115.15,1189745.0,608245.0,0.569,539616.0,0.505,74267.0,13.8
2021-11-01,Idaho,16,292373,3572,ID,44.0,1730965.0,968.61,1740183.0,878438.0,0.49200000000000005,785471.0,0.44,111086.0,14.1
2021-11-01,Mississippi,28,504811,10098,MS,44.0,2978295.0,1000.72,2994798.0,1548881.0,0.52,1359593.0,0.457,121871.0,9.0
2021-11-01,Alabama,01,832264,15573,AL,44.0,4884730.0,996.24,4976540.0,2676227.0,0.546,2197549.0,0.44799999999999995,222347.0,10.1
2021-11-01,Alaska,02,138503,710,AK,44.0,877941.0,1200.12,873771.0,435696.0,0.596,385778.0,0.527,58491.0,15.2
2021-11-01,Arizona,04,1170990,21155,AZ,44.0,8839037.0,1214.37,8688354.0,4463519.0,0.613,3870604.0,0.532,380886.0,9.8
2021-11-01,Arkansas,05,513352,8384,AR,44.0,3262828.0,1081.19,3288654.0,1753015.0,0.581,1450592.0,0.48100000000000004,159235.0,11.0
2021-11-01,California,06,4933895,72289,CA,44.0,54438245.0,1377.76,54494166.0,29503815.0,0.747,24246914.0,0.614,2285641.0,9.4
2021-11-01,Colorado,08,751133,8429,CO,44.0,7778952.0,1350.81,7750888.0,3901555.0,0.6779999999999999,3553130.0,0.617,474243.0,13.3
2021-11-01,Connecticut,09,403415,8766,CT,44.0,5444664.0,1527.13,5452597.0,2825456.0,0.792,2523423.0,0.708,275778.0,10.9
2021-11-01,Delaware,10,144397,2091,DE,44.0,1290754.0,1325.53,1266294.0,670602.0,0.6890000000000001,581639.0,0.597,51088.0,8.8
2021-11-01,District of Columbia,11,64470,1191,DC,44.0,1075707.0,1524.21,981043.0,528491.0,0.7490000000000001,441694.0,0.626,34395.0,7.8
2021-11-01,Florida,12,3650637,59670,FL,44.0,28662067.0,1334.5,28391332.0,14858582.0,0.6920000000000001,12843259.0,0.598,1338485.0,10.4
2021-11-01,Georgia,13,1600593,28142,GA,44.0,11482155.0,1081.44,11520293.0,6042135.0,0.569,5116762.0,0.48200000000000004,427946.0,8.4
2021-11-01,Missouri,29,872696,12779,MO,44.0,6820795.0,1111.34,6736330.0,3494827.0,0.569,3058036.0,0.498,348454.0,11.4
2021-11-01,Illinois,17,1706985,28695,IL,44.0,16270750.0,1284.01,16455020.0,8325184.0,0.657,7663224.0,0.605,835253.0,10.9
2021-11-01,Indiana,18,1026177,16737,IN,44.0,7262261.0,1078.73,7240410.0,3623275.0,0.5379999999999999,3358967.0,0.499,388905.0,11.6
2021-11-01,Iowa,19,486132,6965,IA,44.0,3730570.0,1182.4,3729012.0,1881737.0,0.596,1752613.0,0.555,217312.0,12.4
2021-11-01,Kansas,20,436923,6447,KS,44.0,3356936.0,1152.27,3457991.0,1824861.0,0.626,1552013.0,0.5329999999999999,161334.0,10.4
2021-11-01,Kentucky,21,751089,9893,KY,44.0,4928041.0,1103.04,4958760.0,2571512.0,0.5760000000000001,2267712.0,0.508,274651.0,12.1
2021-11-01,Louisiana,22,760000,14555,LA,44.0,4883872.0,1050.57,4830332.0,2506082.0,0.539,2218262.0,0.47700000000000004,240983.0,10.9
2021-11-01,Maine,23,104259,1168,ME,44.0,1971186.0,1466.42,1980203.0,1032015.0,0.768,948619.0,0.706,102567.0,10.8
2021-11-01,Maryland,24,561949,10908,MD,44.0,8568890.0,1417.36,8631510.0,4417299.0,0.731,4003189.0,0.662,418859.0,10.5
2021-11-01,Massachusetts,25,855230,19003,MA,44.0,10497183.0,1522.99,10519347.0,5540060.0,0.804,4806490.0,0.6970000000000001,474818.0,9.9
2021-11-01,Michigan,26,1283087,23706,MI,44.0,11549214.0,1156.44,11719101.0,5824254.0,0.583,5349425.0,0.536,718025.0,13.4
2021-11-01,Minnesota,27,798108,8818,MN,44.0,7259117.0,1287.16,7277417.0,3680627.0,0.653,3380551.0,0.599,481072.0,14.2
2021-11-01,Hawaii,15,81650,913,HI,44.0,1981983.0,1399.83,2003262.0,1116301.0,0.7879999999999999,847034.0,0.598,75369.0,8.9
